Catalogue Reference,"29.4919194, -98.4271969"
HL/PO/JO/10/1/77/1,"-27.4912287, 153.0297561"
HL/PO/JO/10/1/77/2,"51.6675856, -1.2829364"
HL/PO/JO/10/1/77/3,"51.640009, -1.2409889"
HL/PO/JO/10/1/77/4,"44.2619309, -88.4153847"
HL/PO/JO/10/1/77/5,"51.487596, -1.191849"
HL/PO/JO/10/1/77/6,"51.5696006, -1.1981131"
HL/PO/JO/10/1/77/7,"51.57372, -1.200817"
HL/PO/JO/10/1/77/8,"51.576084, 0.488736"
HL/PO/JO/10/1/77/9,"51.7127001, -1.3355883"
HL/PO/JO/10/1/77/10,"51.731378, -1.332203"
HL/PO/JO/10/1/77/11,"52.674688, 1.225551"
HL/PO/JO/10/1/77/12,"51.608044, -1.24484"
HL/PO/JO/10/1/77/13,"51.6708542, -1.3622956"
HL/PO/JO/10/1/77/14,"51.216231, -1.57829"
HL/PO/JO/10/1/77/15,"51.661879, -1.3831389"
HL/PO/JO/10/1/77/17,"51.584837, -1.2659206"
HL/PO/JO/10/1/77/18,"51.601327, -1.288948"
HL/PO/JO/10/1/77/20,"51.646945, -1.433955"
HL/PO/JO/10/1/77/21,"51.667509, -1.341658"
HL/PO/JO/10/1/77/22,"43.5182991, -79.8774042"
HL/PO/JO/10/1/77/23,"50.702821, -2.285468"
HL/PO/JO/10/1/77/24,"50.702821, -2.285468"
HL/PO/JO/10/1/77/25,"51.552133, -1.152007"
HL/PO/JO/10/1/77/26,"51.688986, -1.241173"
HL/PO/JO/10/1/77/27,"51.681325, -1.303987"
HL/PO/JO/10/1/77/28,"51.62533, -1.328262"
HL/PO/JO/10/1/77/29,"51.525571, -1.151665"
HL/PO/JO/10/1/77/30,"51.7010627, -1.2846056"
HL/PO/JO/10/1/77/31,"51.6408739, -1.277537"
HL/PO/JO/10/1/77/32,"45.6492664, -72.6941841"
HL/PO/JO/10/1/77/33,"51.638636, -1.183332"
HL/PO/JO/10/1/77/34,"51.640774, -1.207528"
HL/PO/JO/10/1/77/35,"51.775425, -1.307819"
HL/PO/JO/10/1/77/36,"51.511981, -1.196279"
HL/PO/JO/10/1/77/37,"51.498814, -1.301754"
HL/PO/JO/10/1/77/38,"42.6611604, -70.996726"
HL/PO/JO/10/1/77/39,"42.3748844, -71.2229112"
HL/PO/JO/10/1/77/40,"51.379338, -1.197486"
HL/PO/JO/10/1/77/41,"51.494088, -1.405369"
HL/PO/JO/10/1/77/42,"51.6121709, -1.4922899"
HL/PO/JO/10/1/77/43,"51.6121709, -1.4922899"
HL/PO/JO/10/1/77/44,"51.461777, -1.318775"
HL/PO/JO/10/1/77/45,"54.664062, -1.556089"
HL/PO/JO/10/1/77/46,"33.8958492, -118.2200712"
HL/PO/JO/10/1/77/47,"41.5456557, -88.2529725"
HL/PO/JO/10/1/77/48,"51.2868939, -0.752615"
HL/PO/JO/10/1/77/49,"50.82878, -1.353232"
HL/PO/JO/10/1/77/1,"-27.4912287, 153.0297561"
HL/PO/JO/10/1/77/2,"51.6675856, -1.2829364"
HL/PO/JO/10/1/77/3,"51.640009, -1.2409889"
HL/PO/JO/10/1/77/4,"44.2619309, -88.4153847"
HL/PO/JO/10/1/77/5,"51.487596, -1.191849"
HL/PO/JO/10/1/77/6,"51.5696006, -1.1981131"
HL/PO/JO/10/1/77/7,"51.57372, -1.200817"
HL/PO/JO/10/1/77/8,"51.576084, 0.488736"
HL/PO/JO/10/1/77/9,"51.7127001, -1.3355883"
HL/PO/JO/10/1/77/10,"51.731378, -1.332203"
HL/PO/JO/10/1/77/11,"52.674688, 1.225551"
HL/PO/JO/10/1/77/12,"51.608044, -1.24484"
HL/PO/JO/10/1/77/13,"51.6708542, -1.3622956"
HL/PO/JO/10/1/77/14,"51.216231, -1.57829"
HL/PO/JO/10/1/77/15,"51.661879, -1.3831389"
HL/PO/JO/10/1/77/17,"51.584837, -1.2659206"
HL/PO/JO/10/1/77/18,"51.601327, -1.288948"
HL/PO/JO/10/1/77/20,"51.646945, -1.433955"
HL/PO/JO/10/1/77/21,"51.667509, -1.341658"
HL/PO/JO/10/1/77/22,"43.5182991, -79.8774042"
HL/PO/JO/10/1/77/23,"50.702821, -2.285468"
HL/PO/JO/10/1/77/24,"50.702821, -2.285468"
HL/PO/JO/10/1/77/25,"51.552133, -1.152007"
HL/PO/JO/10/1/77/26,"51.688986, -1.241173"
HL/PO/JO/10/1/77/27,"51.681325, -1.303987"
HL/PO/JO/10/1/77/28,"51.62533, -1.328262"
HL/PO/JO/10/1/77/29,"51.525571, -1.151665"
HL/PO/JO/10/1/77/30,"51.7010627, -1.2846056"
HL/PO/JO/10/1/77/31,"51.6408739, -1.277537"
HL/PO/JO/10/1/77/32,"45.6492664, -72.6941841"
HL/PO/JO/10/1/77/33,"51.638636, -1.183332"
HL/PO/JO/10/1/77/34,"51.640774, -1.207528"
HL/PO/JO/10/1/77/35,"51.775425, -1.307819"
HL/PO/JO/10/1/77/36,"51.511981, -1.196279"
HL/PO/JO/10/1/77/37,"51.498814, -1.301754"
HL/PO/JO/10/1/77/38,"42.6611604, -70.996726"
HL/PO/JO/10/1/77/39,"42.3748844, -71.2229112"
HL/PO/JO/10/1/77/40,"51.379338, -1.197486"
HL/PO/JO/10/1/77/41,"51.494088, -1.405369"
HL/PO/JO/10/1/77/42,"51.6121709, -1.4922899"
HL/PO/JO/10/1/77/43,"51.6121709, -1.4922899"
HL/PO/JO/10/1/77/44,"51.461777, -1.318775"
HL/PO/JO/10/1/77/45,"54.664062, -1.556089"
HL/PO/JO/10/1/77/46,"33.8958492, -118.2200712"
HL/PO/JO/10/1/77/47,"41.5456557, -88.2529725"
HL/PO/JO/10/1/77/48,"51.2868939, -0.752615"
HL/PO/JO/10/1/77/49,"50.82878, -1.353232"
churst. [Tilehurst].,"57.4755555, -132.3597222"
HL/PO/JO/10/1/77/101,"52.254967, -1.444418"
HL/PO/JO/10/1/77/102,"51.40081, -1.173704"
HL/PO/JO/10/1/78/1,"51.305996, 0.3745839"
HL/PO/JO/10/1/78/2,"46.0467545, -71.0768685"
HL/PO/JO/10/1/78/3,"52.033, -0.97"
HL/PO/JO/10/1/78/4,"53.686675, -0.443368"
HL/PO/JO/10/1/78/5,"52.02691, -0.876207"
HL/PO/JO/10/1/78/6,"52.05493, -1.073477"
HL/PO/JO/10/1/78/7,"51.9201788, -1.1465561"
HL/PO/JO/10/1/78/8,"51.961422, -1.068876"
HL/PO/JO/10/1/78/9,"51.8942, -1.016792"
HL/PO/JO/10/1/78/10,"51.6586885, -1.86914"
HL/PO/JO/10/1/78/11,"51.953817, -1.002151"
HL/PO/JO/10/1/78/12,"51.481223, -1.370649"
HL/PO/JO/10/1/78/13,"52.04149, -0.978106"
HL/PO/JO/10/1/78/14,"51.901115, -1.058977"
HL/PO/JO/10/1/78/15,"50.702821, -2.285468"
HL/PO/JO/10/1/78/16,"51.970128, -0.95228"
HL/PO/JO/10/1/78/17,"51.965465, -1.041197"
HL/PO/JO/10/1/78/18,"52.001666, -1.0175209"
HL/PO/JO/10/1/78/19,"51.3916791, -0.2975288"
HL/PO/JO/10/1/78/20,"51.936281, -0.986572"
HL/PO/JO/10/1/78/21,"44.475278, -72.702222"
HL/PO/JO/10/1/78/22,"51.996795, -0.910303"
HL/PO/JO/10/1/78/23,"53.791665, -1.848581"
HL/PO/JO/10/1/78/24,"51.989984, -1.046743"
HL/PO/JO/10/1/78/25,"52.034968, -1.122224"
HL/PO/JO/10/1/78/26,"51.476821, -0.863167"
HL/PO/JO/10/1/78/27,"52.008352, -1.049542"
HL/PO/JO/10/1/78/28,"51.256659, -2.185772"
HL/PO/JO/10/1/78/29,"51.872722, -0.771721"
HL/PO/JO/10/1/78/30,"51.8478747, -0.6643975"
HL/PO/JO/10/1/78/31,"51.756371, -0.6494299"
HL/PO/JO/10/1/78/33,"51.891533, -0.783207"
HL/PO/JO/10/1/78/34,"51.803647, -0.693951"
HL/PO/JO/10/1/78/35,"51.951274, -0.7799469"
HL/PO/JO/10/1/78/36,"52.083043, -0.195751"
HL/PO/JO/10/1/78/37,"51.8632739, -0.581471"
HL/PO/JO/10/1/78/38,"42.4115819, -83.2963707"
HL/PO/JO/10/1/78/39,"51.8265139, -0.820544"
HL/PO/JO/10/1/78/40,"51.919129, -0.828129"
HL/PO/JO/10/1/78/41,"51.972263, -0.880798"
HL/PO/JO/10/1/78/42,"51.969112, -0.849995"
HL/PO/JO/10/1/78/43,"51.837421, -0.628359"
HL/PO/JO/10/1/78/44,"51.918248, -0.673847"
HL/PO/JO/10/1/78/45,"51.7519361, -0.637961"
HL/PO/JO/10/1/78/46,"51.870689, -0.6885019"
HL/PO/JO/10/1/78/47,"51.834248, -0.642792"
HL/PO/JO/10/1/78/48,"50.2923339, -3.655792"
HL/PO/JO/10/1/78/49,"51.93415, -0.716596"
HL/PO/JO/10/1/78/50,"51.92678, -0.761755"
HL/PO/JO/10/1/78/51,"51.942307, -0.836286"
HL/PO/JO/10/1/78/53,"52.968716, -2.682045"
HL/PO/JO/10/1/78/54,"11.5415182, 104.9179596"
HL/PO/JO/10/1/78/55,"51.863999, -0.736082"
HL/PO/JO/10/1/78/56,"51.944859, -0.878737"
HL/PO/JO/10/1/78/58,"52.2062306, 0.1224627"
HL/PO/JO/10/1/77/101,"52.254967, -1.444418"
HL/PO/JO/10/1/77/102,"51.40081, -1.173704"
HL/PO/JO/10/1/78/1,"51.305996, 0.3745839"
HL/PO/JO/10/1/78/2,"46.0467545, -71.0768685"
HL/PO/JO/10/1/78/3,"52.033, -0.97"
HL/PO/JO/10/1/78/4,"53.686675, -0.443368"
HL/PO/JO/10/1/78/5,"52.02691, -0.876207"
HL/PO/JO/10/1/78/6,"52.05493, -1.073477"
HL/PO/JO/10/1/78/7,"51.9201788, -1.1465561"
HL/PO/JO/10/1/78/8,"51.961422, -1.068876"
HL/PO/JO/10/1/78/9,"51.8942, -1.016792"
HL/PO/JO/10/1/78/10,"51.6586885, -1.86914"
HL/PO/JO/10/1/78/11,"51.953817, -1.002151"
HL/PO/JO/10/1/78/12,"51.481223, -1.370649"
HL/PO/JO/10/1/78/13,"52.04149, -0.978106"
HL/PO/JO/10/1/78/14,"51.901115, -1.058977"
HL/PO/JO/10/1/78/15,"50.702821, -2.285468"
HL/PO/JO/10/1/78/16,"51.970128, -0.95228"
HL/PO/JO/10/1/78/17,"51.965465, -1.041197"
HL/PO/JO/10/1/78/18,"52.001666, -1.0175209"
HL/PO/JO/10/1/78/19,"51.3916791, -0.2975288"
HL/PO/JO/10/1/78/20,"51.936281, -0.986572"
HL/PO/JO/10/1/78/21,"44.475278, -72.702222"
HL/PO/JO/10/1/78/22,"51.996795, -0.910303"
HL/PO/JO/10/1/78/23,"53.791665, -1.848581"
HL/PO/JO/10/1/78/24,"51.989984, -1.046743"
HL/PO/JO/10/1/78/25,"52.034968, -1.122224"
HL/PO/JO/10/1/78/26,"51.476821, -0.863167"
HL/PO/JO/10/1/78/27,"52.008352, -1.049542"
HL/PO/JO/10/1/78/28,"51.256659, -2.185772"
HL/PO/JO/10/1/78/29,"51.872722, -0.771721"
HL/PO/JO/10/1/78/30,"51.8478747, -0.6643975"
HL/PO/JO/10/1/78/31,"51.756371, -0.6494299"
HL/PO/JO/10/1/78/33,"51.891533, -0.783207"
HL/PO/JO/10/1/78/34,"51.803647, -0.693951"
HL/PO/JO/10/1/78/35,"51.951274, -0.7799469"
HL/PO/JO/10/1/78/36,"52.083043, -0.195751"
HL/PO/JO/10/1/78/37,"51.8632739, -0.581471"
HL/PO/JO/10/1/78/38,"42.4115819, -83.2963707"
HL/PO/JO/10/1/78/39,"51.8265139, -0.820544"
HL/PO/JO/10/1/78/40,"51.919129, -0.828129"
HL/PO/JO/10/1/78/41,"51.972263, -0.880798"
HL/PO/JO/10/1/78/42,"51.969112, -0.849995"
HL/PO/JO/10/1/78/43,"51.837421, -0.628359"
HL/PO/JO/10/1/78/44,"51.918248, -0.673847"
HL/PO/JO/10/1/78/45,"51.7519361, -0.637961"
HL/PO/JO/10/1/78/46,"51.870689, -0.6885019"
HL/PO/JO/10/1/78/47,"51.834248, -0.642792"
HL/PO/JO/10/1/78/48,"50.2923339, -3.655792"
HL/PO/JO/10/1/78/49,"51.93415, -0.716596"
HL/PO/JO/10/1/78/50,"51.92678, -0.761755"
HL/PO/JO/10/1/78/51,"51.942307, -0.836286"
HL/PO/JO/10/1/78/53,"52.968716, -2.682045"
HL/PO/JO/10/1/78/54,"11.5415182, 104.9179596"
HL/PO/JO/10/1/78/55,"51.863999, -0.736082"
HL/PO/JO/10/1/78/56,"51.944859, -0.878737"
HL/PO/JO/10/1/78/58,"52.2062306, 0.1224627"
HL/PO/JO/10/1/79/40,"50.046162, -5.249872"
HL/PO/JO/10/1/79/41,"50.115124, -5.378467"
HL/PO/JO/10/1/79/42,"37.774817, -7.836572"
HL/PO/JO/10/1/79/43,"50.055223, -5.277055"
HL/PO/JO/10/1/79/44,"50.217312, -5.173211"
HL/PO/JO/10/1/79/45,"50.101593, -5.274996"
HL/PO/JO/10/1/79/46,"49.969541, -5.194371"
HL/PO/JO/10/1/79/47,"27.516667, 86.766667"
HL/PO/JO/10/1/79/48,"50.08228, -5.128725"
HL/PO/JO/10/1/79/49,"50.0719699, -5.2038383"
HL/PO/JO/10/1/79/50,"50.105263, -5.096071"
HL/PO/JO/10/1/79/51,"50.027991, -5.240468"
HL/PO/JO/10/1/79/52,"50.177118, -5.058071"
HL/PO/JO/10/1/79/53,"50.169173, -5.107088"
HL/PO/JO/10/1/79/54,"50.2114653, -5.1183705"
HL/PO/JO/10/1/79/55,"50.004439, -5.215018"
HL/PO/JO/10/1/79/56,"49.993555, -5.181832"
HL/PO/JO/10/1/79/57,"50.090015, -5.101744"
HL/PO/JO/10/1/79/58,"50.050226, -5.0884919"
HL/PO/JO/10/1/79/59,"50.0721735, -5.1671906"
HL/PO/JO/10/1/79/60,"50.110512, -5.308118"
HL/PO/JO/10/1/79/62,"50.133233, -5.250158"
HL/PO/JO/10/1/80/1,"50.076007, -5.626154"
HL/PO/JO/10/1/80/2,"50.21277, -5.2947749"
HL/PO/JO/10/1/80/3,"50.162291, -5.2958619"
HL/PO/JO/10/1/80/4,"50.132605, -5.523923"
HL/PO/JO/10/1/80/5,"50.187582, -5.370383"
HL/PO/JO/10/1/80/6,"50.221649, -5.38457"
HL/PO/JO/10/1/80/7,"50.248244, -5.266491"
HL/PO/JO/10/1/80/8,"50.183852, -5.4404009"
HL/PO/JO/10/1/80/9,"39.5585686, -111.8618734"
HL/PO/JO/10/1/80/10,"50.143902, -5.493699"
HL/PO/JO/10/1/80/11,"50.133524, -5.565727"
HL/PO/JO/10/1/80/12,"50.125077, -5.463955"
HL/PO/JO/10/1/80/13,"50.1618319, -5.638459"
HL/PO/JO/10/1/80/14,"39.2940417, -9.1628266"
HL/PO/JO/10/1/80/15,"50.118798, -5.537592"
HL/PO/JO/10/1/80/17,"50.194003, -5.416462"
HL/PO/JO/10/1/80/18,"50.233022, -5.226666"
HL/PO/JO/10/1/80/19,"50.167679, -5.427406"
HL/PO/JO/10/1/80/20,"50.130287, -5.418129"
HL/PO/JO/10/1/80/21,"50.2152089, -5.4777498"
HL/PO/JO/10/1/80/22,"50.124487, -5.679195"
HL/PO/JO/10/1/80/23,"50.107815, -5.611154"
HL/PO/JO/10/1/80/24,"50.071338, -5.69498"
HL/PO/JO/10/1/80/25,"50.192233, -5.522443"
HL/PO/JO/10/1/80/26,"50.190122, -5.56496"
HL/PO/JO/10/1/80/27,"50.602393, -4.668287"
HL/PO/JO/10/1/80/28,"50.606127, -4.512319"
HL/PO/JO/10/1/80/29,"50.656826, -4.617132"
HL/PO/JO/10/1/80/30,"50.6858337, -4.6973747"
HL/PO/JO/10/1/80/31,"50.3456256, -4.6165422"
HL/PO/JO/10/1/80/32,"50.683586, -4.650009"
HL/PO/JO/10/1/80/34,"50.5811179, -4.713354"
HL/PO/JO/10/1/80/35,"51.4211991, 0.7976003"
HL/PO/JO/10/1/80/36,"50.685594, -4.597825"
HL/PO/JO/10/1/80/37,"50.767628, -4.551833"
HL/PO/JO/10/1/80/38,"50.63288, -4.540336"
HL/PO/JO/10/1/80/39,"33.9909208, -81.1218409"
HL/PO/JO/10/1/80/40,"50.698636, -4.655191"
HL/PO/JO/10/1/80/41,"50.66301, -4.75066"
HL/PO/JO/10/1/80/42,"50.6622709, -4.539067"
HL/PO/JO/10/1/80/43,"50.677076, -4.715085"
HL/PO/JO/10/1/79/40,"50.046162, -5.249872"
HL/PO/JO/10/1/79/41,"50.115124, -5.378467"
HL/PO/JO/10/1/79/42,"37.774817, -7.836572"
HL/PO/JO/10/1/79/43,"50.055223, -5.277055"
HL/PO/JO/10/1/79/44,"50.217312, -5.173211"
HL/PO/JO/10/1/79/45,"50.101593, -5.274996"
HL/PO/JO/10/1/79/46,"49.969541, -5.194371"
HL/PO/JO/10/1/79/47,"27.516667, 86.766667"
HL/PO/JO/10/1/79/48,"50.08228, -5.128725"
HL/PO/JO/10/1/79/49,"50.0719699, -5.2038383"
HL/PO/JO/10/1/79/50,"50.105263, -5.096071"
HL/PO/JO/10/1/79/51,"50.027991, -5.240468"
HL/PO/JO/10/1/79/52,"50.177118, -5.058071"
HL/PO/JO/10/1/79/53,"50.169173, -5.107088"
HL/PO/JO/10/1/79/54,"50.2114653, -5.1183705"
HL/PO/JO/10/1/79/55,"50.004439, -5.215018"
HL/PO/JO/10/1/79/56,"49.993555, -5.181832"
HL/PO/JO/10/1/79/57,"50.090015, -5.101744"
HL/PO/JO/10/1/79/58,"50.050226, -5.0884919"
HL/PO/JO/10/1/79/59,"50.0721735, -5.1671906"
HL/PO/JO/10/1/79/60,"50.110512, -5.308118"
HL/PO/JO/10/1/79/62,"50.133233, -5.250158"
HL/PO/JO/10/1/80/1,"50.076007, -5.626154"
HL/PO/JO/10/1/80/2,"50.21277, -5.2947749"
HL/PO/JO/10/1/80/3,"50.162291, -5.2958619"
HL/PO/JO/10/1/80/4,"50.132605, -5.523923"
HL/PO/JO/10/1/80/5,"50.187582, -5.370383"
HL/PO/JO/10/1/80/6,"50.221649, -5.38457"
HL/PO/JO/10/1/80/7,"50.248244, -5.266491"
HL/PO/JO/10/1/80/8,"50.183852, -5.4404009"
HL/PO/JO/10/1/80/9,"39.5585686, -111.8618734"
HL/PO/JO/10/1/80/10,"50.143902, -5.493699"
HL/PO/JO/10/1/80/11,"50.133524, -5.565727"
HL/PO/JO/10/1/80/12,"50.125077, -5.463955"
HL/PO/JO/10/1/80/13,"50.1618319, -5.638459"
HL/PO/JO/10/1/80/14,"39.2940417, -9.1628266"
HL/PO/JO/10/1/80/15,"50.118798, -5.537592"
HL/PO/JO/10/1/80/17,"50.194003, -5.416462"
HL/PO/JO/10/1/80/18,"50.233022, -5.226666"
HL/PO/JO/10/1/80/19,"50.167679, -5.427406"
HL/PO/JO/10/1/80/20,"50.130287, -5.418129"
HL/PO/JO/10/1/80/21,"50.2152089, -5.4777498"
HL/PO/JO/10/1/80/22,"50.124487, -5.679195"
HL/PO/JO/10/1/80/23,"50.107815, -5.611154"
HL/PO/JO/10/1/80/24,"50.071338, -5.69498"
HL/PO/JO/10/1/80/25,"50.192233, -5.522443"
HL/PO/JO/10/1/80/26,"50.190122, -5.56496"
HL/PO/JO/10/1/80/27,"50.602393, -4.668287"
HL/PO/JO/10/1/80/28,"50.606127, -4.512319"
HL/PO/JO/10/1/80/29,"50.656826, -4.617132"
HL/PO/JO/10/1/80/30,"50.6858337, -4.6973747"
HL/PO/JO/10/1/80/31,"50.3456256, -4.6165422"
HL/PO/JO/10/1/80/32,"50.683586, -4.650009"
HL/PO/JO/10/1/80/34,"50.5811179, -4.713354"
HL/PO/JO/10/1/80/35,"51.4211991, 0.7976003"
HL/PO/JO/10/1/80/36,"50.685594, -4.597825"
HL/PO/JO/10/1/80/37,"50.767628, -4.551833"
HL/PO/JO/10/1/80/38,"50.63288, -4.540336"
HL/PO/JO/10/1/80/39,"33.9909208, -81.1218409"
HL/PO/JO/10/1/80/40,"50.698636, -4.655191"
HL/PO/JO/10/1/80/41,"50.66301, -4.75066"
HL/PO/JO/10/1/80/42,"50.6622709, -4.539067"
HL/PO/JO/10/1/80/43,"50.677076, -4.715085"
HL/PO/JO/10/1/81/29,"50.750417, -4.39625"
HL/PO/JO/10/1/81/30,"50.840987, -4.527221"
HL/PO/JO/10/1/81/31,"51.9082872, -1.1386778"
HL/PO/JO/10/1/81/32,"50.8306929, -4.514386"
HL/PO/JO/10/1/81/33,"50.747662, -4.496106"
HL/PO/JO/10/1/81/34,"50.759108, -4.46022"
HL/PO/JO/10/1/81/35,"50.527892, -4.682539"
HL/PO/JO/10/1/81/36,"50.46863, -4.715114"
HL/PO/JO/10/1/81/37,"37.2624652, -77.4327305"
HL/PO/JO/10/1/81/38,"50.5084147, -4.7903139"
HL/PO/JO/10/1/81/39,"50.5066599, -4.713904"
HL/PO/JO/10/1/81/41,"50.571791, -4.828743"
HL/PO/JO/10/1/81/42,"50.560939, -4.790939"
HL/PO/JO/10/1/81/43,"50.525707, -4.759388"
HL/PO/JO/10/1/81/44,"50.5950599, -4.740223"
HL/PO/JO/10/1/81/45,"50.557249, -4.729507"
HL/PO/JO/10/1/81/47,"50.416047, -4.6067729"
HL/PO/JO/10/1/81/48,"51.311044, 1.108303"
HL/PO/JO/10/1/81/49,"50.489797, -4.644602"
HL/PO/JO/10/1/81/50,"50.402063, -4.485152"
HL/PO/JO/10/1/81/51,"50.354047, -4.454369"
HL/PO/JO/10/1/81/52,"50.385899, -4.561301"
HL/PO/JO/10/1/81/53,"50.335894, -4.569203"
HL/PO/JO/10/1/81/54,"50.33499, -4.636525"
HL/PO/JO/10/1/81/55,"50.45552, -4.464719"
HL/PO/JO/10/1/81/56,"50.384396, -4.44827"
HL/PO/JO/10/1/81/57,"50.36553, -4.525603"
HL/PO/JO/10/1/81/58,"50.487255, -4.473743"
HL/PO/JO/10/1/81/59,"50.425242, -4.475019"
HL/PO/JO/10/1/81/60,"50.443799, -4.535481"
HL/PO/JO/10/1/81/61,"50.364502, -4.616671"
HL/PO/JO/10/1/81/62,"50.385566, -4.652829"
HL/PO/JO/10/1/81/63,"50.338892, -4.488479"
HL/PO/JO/10/1/81/64,"50.493561, -4.595518"
HL/PO/JO/10/1/82/1,"54.711375, -3.4877389"
HL/PO/JO/10/1/82/3,"53.443255, -2.998895"
HL/PO/JO/10/1/82/4,"54.659016, -3.417476"
HL/PO/JO/10/1/82/6,"54.508427, -3.520551"
HL/PO/JO/10/1/82/7,"54.663261, -3.367985"
HL/PO/JO/10/1/82/8,"54.309546, -3.364583"
HL/PO/JO/10/1/82/9,"29.314348, 115.756883"
HL/PO/JO/10/1/82/10,"54.599148, -3.536008"
HL/PO/JO/10/1/82/11,"54.480973, -3.528926"
HL/PO/JO/10/1/82/12,"55.495952, -1.635481"
HL/PO/JO/10/1/82/13,"-26.409722, 27.836944"
HL/PO/JO/10/1/82/14,"54.3896469, -3.324212"
HL/PO/JO/10/1/82/15,"55.0072676, -1.6197315"
HL/PO/JO/10/1/82/16,"54.465013, -3.493017"
HL/PO/JO/10/1/82/17,"52.412133, -0.865671"
HL/PO/JO/10/1/82/18,"54.242852, -0.44405"
HL/PO/JO/10/1/82/19,"54.574038, -3.410573"
HL/PO/JO/10/1/82/20,"38.704282, -77.2277603"
HL/PO/JO/10/1/82/21,"54.5809367, -3.3541252"
HL/PO/JO/10/1/82/22,"54.212073, -3.272847"
HL/PO/JO/10/1/82/23,"54.5633954, -3.5644707"
HL/PO/JO/10/1/82/24,"54.358153, -3.38153"
HL/PO/JO/10/1/82/25,"-36.8473223, 174.7442273"
HL/PO/JO/10/1/82/27,"54.4820127, -3.5320567"
HL/PO/JO/10/1/81/29,"50.750417, -4.39625"
HL/PO/JO/10/1/81/30,"50.840987, -4.527221"
HL/PO/JO/10/1/81/31,"51.9082872, -1.1386778"
HL/PO/JO/10/1/81/32,"50.8306929, -4.514386"
HL/PO/JO/10/1/81/33,"50.747662, -4.496106"
HL/PO/JO/10/1/81/34,"50.759108, -4.46022"
HL/PO/JO/10/1/81/35,"50.527892, -4.682539"
HL/PO/JO/10/1/81/36,"50.46863, -4.715114"
HL/PO/JO/10/1/81/37,"37.2624652, -77.4327305"
HL/PO/JO/10/1/81/38,"50.5084147, -4.7903139"
HL/PO/JO/10/1/81/39,"50.5066599, -4.713904"
HL/PO/JO/10/1/81/41,"50.571791, -4.828743"
HL/PO/JO/10/1/81/42,"50.560939, -4.790939"
HL/PO/JO/10/1/81/43,"50.525707, -4.759388"
HL/PO/JO/10/1/81/44,"50.5950599, -4.740223"
HL/PO/JO/10/1/81/45,"50.557249, -4.729507"
HL/PO/JO/10/1/81/47,"50.416047, -4.6067729"
HL/PO/JO/10/1/81/48,"51.311044, 1.108303"
HL/PO/JO/10/1/81/49,"50.489797, -4.644602"
HL/PO/JO/10/1/81/50,"50.402063, -4.485152"
HL/PO/JO/10/1/81/51,"50.354047, -4.454369"
HL/PO/JO/10/1/81/52,"50.385899, -4.561301"
HL/PO/JO/10/1/81/53,"50.335894, -4.569203"
HL/PO/JO/10/1/81/54,"50.33499, -4.636525"
HL/PO/JO/10/1/81/55,"50.45552, -4.464719"
HL/PO/JO/10/1/81/56,"50.384396, -4.44827"
HL/PO/JO/10/1/81/57,"50.36553, -4.525603"
HL/PO/JO/10/1/81/58,"50.487255, -4.473743"
HL/PO/JO/10/1/81/59,"50.425242, -4.475019"
HL/PO/JO/10/1/81/60,"50.443799, -4.535481"
HL/PO/JO/10/1/81/61,"50.364502, -4.616671"
HL/PO/JO/10/1/81/62,"50.385566, -4.652829"
HL/PO/JO/10/1/81/63,"50.338892, -4.488479"
HL/PO/JO/10/1/81/64,"50.493561, -4.595518"
HL/PO/JO/10/1/82/1,"54.711375, -3.4877389"
HL/PO/JO/10/1/82/3,"53.443255, -2.998895"
HL/PO/JO/10/1/82/4,"54.659016, -3.417476"
HL/PO/JO/10/1/82/6,"54.508427, -3.520551"
HL/PO/JO/10/1/82/7,"54.663261, -3.367985"
HL/PO/JO/10/1/82/8,"54.309546, -3.364583"
HL/PO/JO/10/1/82/9,"29.314348, 115.756883"
HL/PO/JO/10/1/82/10,"54.599148, -3.536008"
HL/PO/JO/10/1/82/11,"54.480973, -3.528926"
HL/PO/JO/10/1/82/12,"55.495952, -1.635481"
HL/PO/JO/10/1/82/13,"-26.409722, 27.836944"
HL/PO/JO/10/1/82/14,"54.3896469, -3.324212"
HL/PO/JO/10/1/82/15,"55.0072676, -1.6197315"
HL/PO/JO/10/1/82/16,"54.465013, -3.493017"
HL/PO/JO/10/1/82/17,"52.412133, -0.865671"
HL/PO/JO/10/1/82/18,"54.242852, -0.44405"
HL/PO/JO/10/1/82/19,"54.574038, -3.410573"
HL/PO/JO/10/1/82/20,"38.704282, -77.2277603"
HL/PO/JO/10/1/82/21,"54.5809367, -3.3541252"
HL/PO/JO/10/1/82/22,"54.212073, -3.272847"
HL/PO/JO/10/1/82/23,"54.5633954, -3.5644707"
HL/PO/JO/10/1/82/24,"54.358153, -3.38153"
HL/PO/JO/10/1/82/25,"-36.8473223, 174.7442273"
eath Ward - Ainstable.,"54.8087067, -2.7303124"
HL/PO/JO/10/1/82/91,"54.7379421, -2.9670157"
HL/PO/JO/10/1/82/92,"54.817704, -2.665338"
HL/PO/JO/10/1/82/93,"54.630444, -2.839557"
HL/PO/JO/10/1/82/95,"54.7851272, -2.8330039"
HL/PO/JO/10/1/82/96,"54.719184, -2.847026"
HL/PO/JO/10/1/82/97,"47.6814875, -122.2087353"
HL/PO/JO/10/1/82/98,"54.689087, -1.5538181"
HL/PO/JO/10/1/82/99,"54.69523, -2.666818"
HL/PO/JO/10/1/82/100,"54.750016, -2.7030789"
HL/PO/JO/10/1/82/101,"54.731336, -2.59942"
HL/PO/JO/10/1/82/102,"42.3370413, -71.2092214"
HL/PO/JO/10/1/82/103,"54.708181, -2.591961"
HL/PO/JO/10/1/82/104,"54.664097, -2.752708"
HL/PO/JO/10/1/82/105,"54.785326, -2.62819"
HL/PO/JO/10/1/82/106,"54.725584, -2.698853"
HL/PO/JO/10/1/82/107,"54.561954, -0.98951"
HL/PO/JO/10/1/83/1,"51.4901958, -0.1392229"
HL/PO/JO/10/1/83/2,"54.6623562, -1.3471782"
HL/PO/JO/10/1/83/3,"53.5414292, -2.1907233"
HL/PO/JO/10/1/83/5,"51.723453, -1.549105"
HL/PO/JO/10/1/83/6,"50.941158, -3.319448"
HL/PO/JO/10/1/83/7,"52.640245, -1.939976"
HL/PO/JO/10/1/83/8,"50.966639, -3.367548"
HL/PO/JO/10/1/83/9,"50.961363, -3.346964"
HL/PO/JO/10/1/83/10,"51.013413, -3.492608"
HL/PO/JO/10/1/83/11,"50.906813, -3.329822"
HL/PO/JO/10/1/83/12,"50.9086209, -3.414711"
HL/PO/JO/10/1/83/13,"50.920931, -3.385726"
HL/PO/JO/10/1/83/14,"50.886118, -3.372925"
HL/PO/JO/10/1/83/15,"50.856125, -3.505333"
HL/PO/JO/10/1/83/16,"50.828878, -3.41821"
HL/PO/JO/10/1/83/17,"50.834214, -3.275376"
HL/PO/JO/10/1/83/18,"50.834962, -3.546317"
HL/PO/JO/10/1/83/19,"50.38792, -3.9490354"
HL/PO/JO/10/1/83/20,"50.855229, -3.391701"
HL/PO/JO/10/1/83/21,"50.7846819, -3.272552"
HL/PO/JO/10/1/83/22,"50.864901, -3.3264269"
HL/PO/JO/10/1/83/23,"50.789594, -3.50642"
HL/PO/JO/10/1/83/24,"50.807116, -3.301785"
HL/PO/JO/10/1/83/25,"50.81993, -3.347265"
HL/PO/JO/10/1/83/26,"51.4630701, -2.1583384"
HL/PO/JO/10/1/83/27,"50.8165059, -3.482909"
HL/PO/JO/10/1/83/28,"50.78934, -3.321055"
HL/PO/JO/10/1/83/29,"50.806336, -3.530095"
HL/PO/JO/10/1/83/30,"50.810029, -3.22741"
HL/PO/JO/10/1/83/31,"50.797741, -3.247247"
HL/PO/JO/10/1/83/32,"52.8693684, -1.0624501"
HL/PO/JO/10/1/83/33,"50.931919, -3.193525"
HL/PO/JO/10/1/83/34,"50.913967, -3.280072"
HL/PO/JO/10/1/83/35,"50.863289, -3.221575"
HL/PO/JO/10/1/83/36,"50.91135, -3.227796"
HL/PO/JO/10/1/83/37,"50.918787, -3.537805"
HL/PO/JO/10/1/83/38,"50.973022, -3.423625"
HL/PO/JO/10/1/83/40,"53.140807, -2.671496"
HL/PO/JO/10/1/83/41,"50.931622, -3.408295"
HL/PO/JO/10/1/83/43,"50.831635, -4.183604"
HL/PO/JO/10/1/83/44,"50.893612, -4.297311"
HL/PO/JO/10/1/82/91,"54.7379421, -2.9670157"
HL/PO/JO/10/1/82/92,"54.817704, -2.665338"
HL/PO/JO/10/1/82/93,"54.630444, -2.839557"
HL/PO/JO/10/1/82/95,"54.7851272, -2.8330039"
HL/PO/JO/10/1/82/96,"54.719184, -2.847026"
HL/PO/JO/10/1/82/97,"47.6814875, -122.2087353"
HL/PO/JO/10/1/82/98,"54.689087, -1.5538181"
HL/PO/JO/10/1/82/99,"54.69523, -2.666818"
HL/PO/JO/10/1/82/100,"54.750016, -2.7030789"
HL/PO/JO/10/1/82/101,"54.731336, -2.59942"
HL/PO/JO/10/1/82/102,"42.3370413, -71.2092214"
HL/PO/JO/10/1/82/103,"54.708181, -2.591961"
HL/PO/JO/10/1/82/104,"54.664097, -2.752708"
HL/PO/JO/10/1/82/105,"54.785326, -2.62819"
HL/PO/JO/10/1/82/106,"54.725584, -2.698853"
HL/PO/JO/10/1/82/107,"54.561954, -0.98951"
HL/PO/JO/10/1/83/1,"51.4901958, -0.1392229"
HL/PO/JO/10/1/83/2,"54.6623562, -1.3471782"
HL/PO/JO/10/1/83/3,"53.5414292, -2.1907233"
HL/PO/JO/10/1/83/5,"51.723453, -1.549105"
HL/PO/JO/10/1/83/6,"50.941158, -3.319448"
HL/PO/JO/10/1/83/7,"52.640245, -1.939976"
HL/PO/JO/10/1/83/8,"50.966639, -3.367548"
HL/PO/JO/10/1/83/9,"50.961363, -3.346964"
HL/PO/JO/10/1/83/10,"51.013413, -3.492608"
HL/PO/JO/10/1/83/11,"50.906813, -3.329822"
HL/PO/JO/10/1/83/12,"50.9086209, -3.414711"
HL/PO/JO/10/1/83/13,"50.920931, -3.385726"
HL/PO/JO/10/1/83/14,"50.886118, -3.372925"
HL/PO/JO/10/1/83/15,"50.856125, -3.505333"
HL/PO/JO/10/1/83/16,"50.828878, -3.41821"
HL/PO/JO/10/1/83/17,"50.834214, -3.275376"
HL/PO/JO/10/1/83/18,"50.834962, -3.546317"
HL/PO/JO/10/1/83/19,"50.38792, -3.9490354"
HL/PO/JO/10/1/83/20,"50.855229, -3.391701"
HL/PO/JO/10/1/83/21,"50.7846819, -3.272552"
HL/PO/JO/10/1/83/22,"50.864901, -3.3264269"
HL/PO/JO/10/1/83/23,"50.789594, -3.50642"
HL/PO/JO/10/1/83/24,"50.807116, -3.301785"
HL/PO/JO/10/1/83/25,"50.81993, -3.347265"
HL/PO/JO/10/1/83/26,"51.4630701, -2.1583384"
HL/PO/JO/10/1/83/27,"50.8165059, -3.482909"
HL/PO/JO/10/1/83/28,"50.78934, -3.321055"
HL/PO/JO/10/1/83/29,"50.806336, -3.530095"
HL/PO/JO/10/1/83/30,"50.810029, -3.22741"
HL/PO/JO/10/1/83/31,"50.797741, -3.247247"
HL/PO/JO/10/1/83/32,"52.8693684, -1.0624501"
HL/PO/JO/10/1/83/33,"50.931919, -3.193525"
HL/PO/JO/10/1/83/34,"50.913967, -3.280072"
HL/PO/JO/10/1/83/35,"50.863289, -3.221575"
HL/PO/JO/10/1/83/36,"50.91135, -3.227796"
HL/PO/JO/10/1/83/37,"50.918787, -3.537805"
HL/PO/JO/10/1/83/38,"50.973022, -3.423625"
HL/PO/JO/10/1/83/40,"53.140807, -2.671496"
HL/PO/JO/10/1/83/41,"50.931622, -3.408295"
HL/PO/JO/10/1/83/43,"50.831635, -4.183604"
HL/PO/JO/10/1/83/44,"50.893612, -4.297311"
 Hundred - Putford,"50.942815, -4.31858"
HL/PO/JO/10/1/84/24,"50.86266, -4.2222989"
HL/PO/JO/10/1/84/25,"50.8373769, -4.152861"
HL/PO/JO/10/1/84/26,"50.976335, -4.171064"
HL/PO/JO/10/1/84/27,"50.999281, -4.399824"
HL/PO/JO/10/1/84/28,"50.990226, -4.479349"
HL/PO/JO/10/1/84/29,"50.9508427, -2.6410272"
HL/PO/JO/10/1/84/30,"50.9636629, -4.36907"
HL/PO/JO/10/1/84/31,"50.993756, -4.056195"
HL/PO/JO/10/1/84/32,"51.1464659, 0.875019"
HL/PO/JO/10/1/84/33,"51.0781599, -4.058338"
HL/PO/JO/10/1/84/34,"51.20118, -4.06155"
HL/PO/JO/10/1/84/35,"51.121687, -3.940072"
HL/PO/JO/10/1/84/36,"51.108039, -4.161014"
HL/PO/JO/10/1/84/37,"51.678969, -1.507944"
HL/PO/JO/10/1/84/38,"51.678969, -1.507944"
HL/PO/JO/10/1/84/39,"51.1994789, -4.024285"
HL/PO/JO/10/1/84/40,"54.3412911, -5.7484854"
HL/PO/JO/10/1/84/41,"54.3412911, -5.7484854"
HL/PO/JO/10/1/84/42,"51.0350899, -3.90905"
HL/PO/JO/10/1/84/43,"51.136642, -4.1959946"
HL/PO/JO/10/1/84/44,"51.086767, -3.999934"
HL/PO/JO/10/1/84/45,"51.0906727, -4.138581"
HL/PO/JO/10/1/84/46,"51.205163, -4.126762"
HL/PO/JO/10/1/84/47,"51.176227, -3.972656"
HL/PO/JO/10/1/84/48,"51.120357, -4.085111"
HL/PO/JO/10/1/84/50,"51.166252, -2.587054"
HL/PO/JO/10/1/84/51,"51.219896, -3.940376"
HL/PO/JO/10/1/84/52,"50.846799, -3.610788"
HL/PO/JO/10/1/84/53,"50.840987, -4.527221"
HL/PO/JO/10/1/84/54,"44.0922414, -79.1319128"
HL/PO/JO/10/1/84/55,"50.847992, -3.635263"
HL/PO/JO/10/1/84/56,"50.823113, -3.590899"
HL/PO/JO/10/1/84/58,"50.930248, -3.522213"
HL/PO/JO/10/1/84/59,"50.7613592, -3.4402746"
HL/PO/JO/10/1/84/60,"50.8624099, -3.461074"
HL/PO/JO/10/1/84/61,"50.74063, -3.070422"
HL/PO/JO/10/1/84/63,"44.894313, -71.496296"
HL/PO/JO/10/1/84/64,"50.792592, -3.651495"
HL/PO/JO/10/1/84/65,"50.856495, -3.676838"
HL/PO/JO/10/1/84/66,"50.77892, -3.5894"
HL/PO/JO/10/1/84/67,"50.7062751, -2.1005409"
HL/PO/JO/10/1/84/68,"50.401465, -3.664268"
HL/PO/JO/10/1/84/71,"50.38848, -3.648454"
HL/PO/JO/10/1/84/72,"50.3523455, -3.5906667"
HL/PO/JO/10/1/84/73,"50.342193, -3.5661098"
HL/PO/JO/10/1/84/74,"50.3511352, -3.5792067"
HL/PO/JO/10/1/84/75,"50.383524, -3.603445"
HL/PO/JO/10/1/84/76,"50.366191, -3.722739"
HL/PO/JO/10/1/84/77,"50.417434, -3.725397"
HL/PO/JO/10/1/84/78,"50.326741, -3.597845"
HL/PO/JO/10/1/84/79,"50.433741, -3.685797"
HL/PO/JO/10/1/84/80,"50.304434, -3.742163"
HL/PO/JO/10/1/84/81,"50.2722836, -3.7519973"
HL/PO/JO/10/1/84/82,"50.235968, -3.707464"
HL/PO/JO/10/1/84/84,"50.287587, -3.771038"
HL/PO/JO/10/1/84/85,"50.232341, -3.75624"
HL/PO/JO/10/1/84/24,"50.86266, -4.2222989"
HL/PO/JO/10/1/84/25,"50.8373769, -4.152861"
HL/PO/JO/10/1/84/26,"50.976335, -4.171064"
HL/PO/JO/10/1/84/27,"50.999281, -4.399824"
HL/PO/JO/10/1/84/28,"50.990226, -4.479349"
HL/PO/JO/10/1/84/29,"50.9508427, -2.6410272"
HL/PO/JO/10/1/84/30,"50.9636629, -4.36907"
HL/PO/JO/10/1/84/31,"50.993756, -4.056195"
HL/PO/JO/10/1/84/32,"51.1464659, 0.875019"
HL/PO/JO/10/1/84/33,"51.0781599, -4.058338"
HL/PO/JO/10/1/84/34,"51.20118, -4.06155"
HL/PO/JO/10/1/84/35,"51.121687, -3.940072"
HL/PO/JO/10/1/84/36,"51.108039, -4.161014"
HL/PO/JO/10/1/84/37,"51.678969, -1.507944"
HL/PO/JO/10/1/84/38,"51.678969, -1.507944"
HL/PO/JO/10/1/84/39,"51.1994789, -4.024285"
HL/PO/JO/10/1/84/40,"54.3412911, -5.7484854"
HL/PO/JO/10/1/84/41,"54.3412911, -5.7484854"
HL/PO/JO/10/1/84/42,"51.0350899, -3.90905"
HL/PO/JO/10/1/84/43,"51.136642, -4.1959946"
HL/PO/JO/10/1/84/44,"51.086767, -3.999934"
HL/PO/JO/10/1/84/45,"51.0906727, -4.138581"
HL/PO/JO/10/1/84/46,"51.205163, -4.126762"
HL/PO/JO/10/1/84/47,"51.176227, -3.972656"
HL/PO/JO/10/1/84/48,"51.120357, -4.085111"
HL/PO/JO/10/1/84/50,"51.166252, -2.587054"
HL/PO/JO/10/1/84/51,"51.219896, -3.940376"
HL/PO/JO/10/1/84/52,"50.846799, -3.610788"
HL/PO/JO/10/1/84/53,"50.840987, -4.527221"
HL/PO/JO/10/1/84/54,"44.0922414, -79.1319128"
HL/PO/JO/10/1/84/55,"50.847992, -3.635263"
HL/PO/JO/10/1/84/56,"50.823113, -3.590899"
HL/PO/JO/10/1/84/57,"50.819322, -3.645081"
HL/PO/JO/10/1/84/58,"50.930248, -3.522213"
HL/PO/JO/10/1/84/59,"50.7613592, -3.4402746"
HL/PO/JO/10/1/84/60,"50.8624099, -3.461074"
HL/PO/JO/10/1/84/61,"50.74063, -3.070422"
HL/PO/JO/10/1/84/63,"44.894313, -71.496296"
HL/PO/JO/10/1/84/64,"50.792592, -3.651495"
HL/PO/JO/10/1/84/65,"50.856495, -3.676838"
HL/PO/JO/10/1/84/66,"50.77892, -3.5894"
HL/PO/JO/10/1/84/67,"50.7062751, -2.1005409"
HL/PO/JO/10/1/84/68,"50.401465, -3.664268"
HL/PO/JO/10/1/84/71,"50.38848, -3.648454"
HL/PO/JO/10/1/84/72,"50.3523455, -3.5906667"
HL/PO/JO/10/1/84/73,"50.342193, -3.5661098"
HL/PO/JO/10/1/84/74,"50.3511352, -3.5792067"
HL/PO/JO/10/1/84/75,"50.383524, -3.603445"
HL/PO/JO/10/1/84/76,"50.366191, -3.722739"
HL/PO/JO/10/1/84/77,"50.417434, -3.725397"
HL/PO/JO/10/1/84/78,"50.326741, -3.597845"
HL/PO/JO/10/1/84/79,"50.433741, -3.685797"
HL/PO/JO/10/1/84/80,"50.304434, -3.742163"
HL/PO/JO/10/1/84/81,"50.2722836, -3.7519973"
HL/PO/JO/10/1/84/82,"50.235968, -3.707464"
HL/PO/JO/10/1/84/84,"50.287587, -3.771038"
HL/PO/JO/10/1/84/85,"50.232341, -3.75624"
HL/PO/JO/10/1/85/47,"50.4641838, -3.570857"
HL/PO/JO/10/1/85/48,"50.506085, -3.565165"
HL/PO/JO/10/1/85/49,"50.5078099, -3.6606507"
HL/PO/JO/10/1/85/50,"50.520251, -3.56391"
HL/PO/JO/10/1/85/51,"50.489165, -3.639873"
HL/PO/JO/10/1/85/52,"50.500152, -3.588451"
HL/PO/JO/10/1/85/53,"44.4941551, -68.4690208"
HL/PO/JO/10/1/85/54,"50.450883, -3.674159"
HL/PO/JO/10/1/85/55,"50.459562, -3.600024"
HL/PO/JO/10/1/85/56,"50.521841, -3.621571"
HL/PO/JO/10/1/85/57,"50.43508, -3.564235"
HL/PO/JO/10/1/85/58,"52.5325189, -2.4186605"
HL/PO/JO/10/1/85/59,"50.464962, -3.699913"
HL/PO/JO/10/1/85/60,"50.4064369, -3.624321"
HL/PO/JO/10/1/85/61,"50.4888199, -3.666015"
HL/PO/JO/10/1/85/63,"54.4173515, 10.3423379"
HL/PO/JO/10/1/85/64,"38.6785157, -121.7732971"
HL/PO/JO/10/1/85/65,"51.5672808, -0.2710568"
HL/PO/JO/10/1/85/66,"50.452017, -3.712819"
HL/PO/JO/10/1/85/67,"50.400269, -3.793921"
HL/PO/JO/10/1/85/68,"50.881205, -4.086499"
HL/PO/JO/10/1/85/69,"50.3901979, -3.7167244"
HL/PO/JO/10/1/85/70,"50.442759, -3.776051"
HL/PO/JO/10/1/86/1,"50.5388293, -3.7023777"
HL/PO/JO/10/1/86/2,"47.2394289, -93.3416781"
HL/PO/JO/10/1/86/3,"47.2955444, -93.4159162"
HL/PO/JO/10/1/86/4,"50.615215, -3.654508"
HL/PO/JO/10/1/86/5,"50.537701, -3.626944"
HL/PO/JO/10/1/86/6,"50.587294, -3.571582"
HL/PO/JO/10/1/86/7,"50.5724076, -3.7172227"
HL/PO/JO/10/1/86/8,"50.549083, -3.598421"
HL/PO/JO/10/1/86/9,"50.6183352, -3.7192424"
HL/PO/JO/10/1/86/10,"50.617462, -3.764606"
HL/PO/JO/10/1/86/11,"50.659678, -3.767893"
HL/PO/JO/10/1/86/12,"50.552886, -3.628114"
HL/PO/JO/10/1/86/13,"50.606891, -3.536759"
HL/PO/JO/10/1/86/14,"53.4876815, -2.0961077"
HL/PO/JO/10/1/86/15,"50.553664, -3.543173"
HL/PO/JO/10/1/86/16,"50.606943, -3.601208"
HL/PO/JO/10/1/86/17,"50.582285, -3.464402"
HL/PO/JO/10/1/86/18,"50.6665149, -3.624439"
HL/PO/JO/10/1/86/19,"50.547033, -3.496688"
HL/PO/JO/10/1/86/20,"50.547033, -3.496688"
HL/PO/JO/10/1/86/21,"50.628569, -3.623929"
HL/PO/JO/10/1/86/22,"50.534231, -3.551634"
HL/PO/JO/10/1/86/23,"50.5190143, -3.6254325"
HL/PO/JO/10/1/86/24,"50.5190143, -3.6254325"
HL/PO/JO/10/1/86/25,"50.524178, -3.53063"
HL/PO/JO/10/1/86/26,"51.4536, -2.5929"
HL/PO/JO/10/1/86/27,"50.481799, -3.779342"
HL/PO/JO/10/1/86/28,"50.456226, -3.788329"
HL/PO/JO/10/1/86/29,"50.510903, -3.821508"
HL/PO/JO/10/1/86/30,"-37.7810539, 145.0306948"
HL/PO/JO/10/1/86/31,"50.776023, -3.525484"
HL/PO/JO/10/1/86/32,"50.665348, -3.685445"
HL/PO/JO/10/1/86/33,"50.673066, -3.840265"
HL/PO/JO/10/1/86/34,"50.728752, -3.739794"
HL/PO/JO/10/1/86/35,"50.65344, -3.653874"
HL/PO/JO/10/1/86/36,"50.704235, -3.793691"
HL/PO/JO/10/1/86/37,"50.690733, -3.68307"
HL/PO/JO/10/1/86/38,"50.718412, -3.533899"
HL/PO/JO/10/1/85/47,"50.4641838, -3.570857"
HL/PO/JO/10/1/85/48,"50.506085, -3.565165"
HL/PO/JO/10/1/85/49,"50.5078099, -3.6606507"
HL/PO/JO/10/1/85/50,"50.520251, -3.56391"
HL/PO/JO/10/1/85/51,"50.489165, -3.639873"
HL/PO/JO/10/1/85/52,"50.500152, -3.588451"
HL/PO/JO/10/1/85/53,"44.4941551, -68.4690208"
HL/PO/JO/10/1/85/54,"50.450883, -3.674159"
HL/PO/JO/10/1/85/55,"50.459562, -3.600024"
HL/PO/JO/10/1/85/56,"50.521841, -3.621571"
HL/PO/JO/10/1/85/57,"50.43508, -3.564235"
HL/PO/JO/10/1/85/58,"52.5325189, -2.4186605"
HL/PO/JO/10/1/85/59,"50.464962, -3.699913"
HL/PO/JO/10/1/85/60,"50.4064369, -3.624321"
HL/PO/JO/10/1/85/61,"50.4888199, -3.666015"
HL/PO/JO/10/1/85/63,"54.4173515, 10.3423379"
HL/PO/JO/10/1/85/64,"38.6785157, -121.7732971"
HL/PO/JO/10/1/85/65,"51.5672808, -0.2710568"
HL/PO/JO/10/1/85/66,"50.452017, -3.712819"
HL/PO/JO/10/1/85/67,"50.400269, -3.793921"
HL/PO/JO/10/1/85/68,"50.881205, -4.086499"
HL/PO/JO/10/1/85/69,"50.3901979, -3.7167244"
HL/PO/JO/10/1/85/70,"50.442759, -3.776051"
HL/PO/JO/10/1/86/1,"50.5388293, -3.7023777"
HL/PO/JO/10/1/86/2,"47.2394289, -93.3416781"
HL/PO/JO/10/1/86/3,"47.2955444, -93.4159162"
HL/PO/JO/10/1/86/4,"50.615215, -3.654508"
HL/PO/JO/10/1/86/5,"50.537701, -3.626944"
HL/PO/JO/10/1/86/6,"50.587294, -3.571582"
HL/PO/JO/10/1/86/7,"50.5724076, -3.7172227"
HL/PO/JO/10/1/86/8,"50.549083, -3.598421"
HL/PO/JO/10/1/86/9,"50.6183352, -3.7192424"
HL/PO/JO/10/1/86/10,"50.617462, -3.764606"
HL/PO/JO/10/1/86/11,"50.659678, -3.767893"
HL/PO/JO/10/1/86/12,"50.552886, -3.628114"
HL/PO/JO/10/1/86/13,"50.606891, -3.536759"
HL/PO/JO/10/1/86/14,"53.4876815, -2.0961077"
HL/PO/JO/10/1/86/15,"50.553664, -3.543173"
HL/PO/JO/10/1/86/16,"50.606943, -3.601208"
HL/PO/JO/10/1/86/17,"50.582285, -3.464402"
HL/PO/JO/10/1/86/18,"50.6665149, -3.624439"
HL/PO/JO/10/1/86/19,"50.547033, -3.496688"
HL/PO/JO/10/1/86/20,"50.547033, -3.496688"
HL/PO/JO/10/1/86/21,"50.628569, -3.623929"
HL/PO/JO/10/1/86/22,"50.534231, -3.551634"
HL/PO/JO/10/1/86/23,"50.5190143, -3.6254325"
HL/PO/JO/10/1/86/24,"50.5190143, -3.6254325"
HL/PO/JO/10/1/86/25,"50.524178, -3.53063"
HL/PO/JO/10/1/86/26,"51.4536, -2.5929"
HL/PO/JO/10/1/86/27,"50.481799, -3.779342"
HL/PO/JO/10/1/86/28,"50.456226, -3.788329"
HL/PO/JO/10/1/86/29,"50.510903, -3.821508"
HL/PO/JO/10/1/86/30,"-37.7810539, 145.0306948"
HL/PO/JO/10/1/86/31,"50.776023, -3.525484"
HL/PO/JO/10/1/86/32,"50.665348, -3.685445"
HL/PO/JO/10/1/86/33,"50.673066, -3.840265"
HL/PO/JO/10/1/86/34,"50.728752, -3.739794"
HL/PO/JO/10/1/86/35,"50.65344, -3.653874"
HL/PO/JO/10/1/86/36,"50.704235, -3.793691"
HL/PO/JO/10/1/86/37,"50.690733, -3.68307"
urn - Devon - Roborough Hundred - Beer Ferris.,"57.4755555, -132.3597222"
HL/PO/JO/10/1/87/2,"50.856125, -3.505333"
HL/PO/JO/10/1/87/3,"50.495194, -4.13085"
HL/PO/JO/10/1/87/4,"50.398491, -4.112214"
HL/PO/JO/10/1/87/5,"50.488765, -4.06159"
HL/PO/JO/10/1/87/6,"50.3754565, -4.1426565"
HL/PO/JO/10/1/87/7,"50.550591, -4.141689"
HL/PO/JO/10/1/87/8,"50.535477, -4.066876"
HL/PO/JO/10/1/87/10,"50.2694274, -3.8647178"
HL/PO/JO/10/1/87/11,"50.4281409, -4.156392"
HL/PO/JO/10/1/87/12,"50.510496, -4.070536"
HL/PO/JO/10/1/87/13,"52.968716, -2.682045"
HL/PO/JO/10/1/87/14,"32.735687, -97.1080656"
HL/PO/JO/10/1/87/15,"51.217173, -3.773907"
HL/PO/JO/10/1/87/17,"38.5221781, -77.1024902"
HL/PO/JO/10/1/87/18,"51.231557, -3.795707"
HL/PO/JO/10/1/87/19,"51.5498969, -0.0980629"
HL/PO/JO/10/1/87/20,"52.097776, 0.277723"
HL/PO/JO/10/1/87/21,"51.129467, -3.978981"
HL/PO/JO/10/1/87/22,"51.220814, -3.909729"
HL/PO/JO/10/1/87/23,"51.188321, -3.909505"
HL/PO/JO/10/1/87/24,"50.3932803, -3.9396526"
HL/PO/JO/10/1/87/25,"51.099979, -3.951163"
HL/PO/JO/10/1/87/26,"51.5048106, -0.1962616"
HL/PO/JO/10/1/87/27,"52.2395023, 0.1831334"
HL/PO/JO/10/1/87/28,"50.5443928, -4.1569556"
HL/PO/JO/10/1/87/31,"50.905898, -3.948606"
HL/PO/JO/10/1/87/32,"50.990691, -4.009164"
HL/PO/JO/10/1/87/33,"50.8257649, -3.915699"
HL/PO/JO/10/1/87/34,"50.93592, -3.940713"
HL/PO/JO/10/1/87/35,"50.8080146, -3.7779483"
HL/PO/JO/10/1/87/36,"50.893548, -4.029005"
HL/PO/JO/10/1/87/37,"50.875755, -4.035768"
HL/PO/JO/10/1/87/38,"50.8210753, -3.7766205"
HL/PO/JO/10/1/87/39,"50.9682148, -3.9956243"
HL/PO/JO/10/1/87/40,"50.8701196, -3.8699594"
HL/PO/JO/10/1/87/42,"50.793237, -3.80888"
HL/PO/JO/10/1/87/43,"50.800602, -3.897245"
HL/PO/JO/10/1/87/44,"50.855879, -3.946214"
HL/PO/JO/10/1/87/45,"50.818635, -3.823694"
HL/PO/JO/10/1/87/46,"52.671727, -1.188402"
HL/PO/JO/10/1/87/47,"52.671727, -1.188402"
HL/PO/JO/10/1/87/48,"51.053904, -4.044523"
HL/PO/JO/10/1/87/49,"51.013273, -3.945555"
HL/PO/JO/10/1/87/50,"50.994381, -3.674627"
HL/PO/JO/10/1/87/51,"51.0628647, -4.0084502"
HL/PO/JO/10/1/87/52,"51.040819, -3.69928"
HL/PO/JO/10/1/87/53,"47.3745249, -0.1080012"
HL/PO/JO/10/1/87/54,"51.01499, -3.835086"
HL/PO/JO/10/1/87/55,"51.0171995, -3.8342147"
HL/PO/JO/10/1/87/56,"50.987925, -3.898918"
HL/PO/JO/10/1/87/57,"51.0520319, -3.97222"
HL/PO/JO/10/1/87/58,"51.061317, -3.727113"
HL/PO/JO/10/1/87/59,"50.989964, -3.939011"
HL/PO/JO/10/1/87/60,"50.999504, -3.771378"
HL/PO/JO/10/1/87/61,"50.906697, -3.800811"
HL/PO/JO/10/1/87/62,"50.913966, -3.869415"
HL/PO/JO/10/1/87/2,"50.856125, -3.505333"
HL/PO/JO/10/1/87/3,"50.495194, -4.13085"
HL/PO/JO/10/1/87/4,"50.398491, -4.112214"
HL/PO/JO/10/1/87/5,"50.488765, -4.06159"
HL/PO/JO/10/1/87/6,"50.3754565, -4.1426565"
HL/PO/JO/10/1/87/7,"50.550591, -4.141689"
HL/PO/JO/10/1/87/8,"50.535477, -4.066876"
HL/PO/JO/10/1/87/10,"50.2694274, -3.8647178"
HL/PO/JO/10/1/87/11,"50.4281409, -4.156392"
HL/PO/JO/10/1/87/12,"50.510496, -4.070536"
HL/PO/JO/10/1/87/13,"52.968716, -2.682045"
HL/PO/JO/10/1/87/14,"32.735687, -97.1080656"
HL/PO/JO/10/1/87/15,"51.217173, -3.773907"
HL/PO/JO/10/1/87/17,"38.5221781, -77.1024902"
HL/PO/JO/10/1/87/18,"51.231557, -3.795707"
HL/PO/JO/10/1/87/19,"51.5498969, -0.0980629"
HL/PO/JO/10/1/87/20,"52.097776, 0.277723"
HL/PO/JO/10/1/87/21,"51.129467, -3.978981"
HL/PO/JO/10/1/87/22,"51.220814, -3.909729"
HL/PO/JO/10/1/87/23,"51.188321, -3.909505"
HL/PO/JO/10/1/87/24,"50.3932803, -3.9396526"
HL/PO/JO/10/1/87/25,"51.099979, -3.951163"
HL/PO/JO/10/1/87/26,"51.5048106, -0.1962616"
HL/PO/JO/10/1/87/27,"52.2395023, 0.1831334"
HL/PO/JO/10/1/87/28,"50.5443928, -4.1569556"
HL/PO/JO/10/1/87/31,"50.905898, -3.948606"
HL/PO/JO/10/1/87/32,"50.990691, -4.009164"
HL/PO/JO/10/1/87/33,"50.8257649, -3.915699"
HL/PO/JO/10/1/87/34,"50.93592, -3.940713"
HL/PO/JO/10/1/87/35,"50.8080146, -3.7779483"
HL/PO/JO/10/1/87/36,"50.893548, -4.029005"
HL/PO/JO/10/1/87/37,"50.875755, -4.035768"
HL/PO/JO/10/1/87/38,"50.8210753, -3.7766205"
HL/PO/JO/10/1/87/39,"50.9682148, -3.9956243"
HL/PO/JO/10/1/87/40,"50.8701196, -3.8699594"
HL/PO/JO/10/1/87/42,"50.793237, -3.80888"
HL/PO/JO/10/1/87/43,"50.800602, -3.897245"
HL/PO/JO/10/1/87/44,"50.855879, -3.946214"
HL/PO/JO/10/1/87/45,"50.818635, -3.823694"
HL/PO/JO/10/1/87/46,"52.671727, -1.188402"
HL/PO/JO/10/1/87/47,"52.671727, -1.188402"
HL/PO/JO/10/1/87/48,"51.053904, -4.044523"
HL/PO/JO/10/1/87/49,"51.013273, -3.945555"
HL/PO/JO/10/1/87/50,"50.994381, -3.674627"
HL/PO/JO/10/1/87/51,"51.0628647, -4.0084502"
HL/PO/JO/10/1/87/52,"51.040819, -3.69928"
HL/PO/JO/10/1/87/53,"47.3745249, -0.1080012"
HL/PO/JO/10/1/87/54,"51.01499, -3.835086"
HL/PO/JO/10/1/87/55,"51.0171995, -3.8342147"
HL/PO/JO/10/1/87/56,"50.987925, -3.898918"
HL/PO/JO/10/1/87/57,"51.0520319, -3.97222"
HL/PO/JO/10/1/87/58,"51.061317, -3.727113"
HL/PO/JO/10/1/87/59,"50.989964, -3.939011"
HL/PO/JO/10/1/87/60,"50.999504, -3.771378"
HL/PO/JO/10/1/87/61,"50.906697, -3.800811"
HL/PO/JO/10/1/87/62,"50.913966, -3.869415"
" Winfrith Hundred - Coombe Keymes.""","57.4755555, -132.3597222"
HL/PO/JO/10/1/88/40,"50.6371246, -2.2018937"
HL/PO/JO/10/1/88/41,"50.675467, -2.183033"
HL/PO/JO/10/1/88/42,"50.702821, -2.285468"
HL/PO/JO/10/1/88/43,"50.655149, -2.364921"
HL/PO/JO/10/1/88/44,"50.687817, -2.110981"
HL/PO/JO/10/1/88/45,"50.67187, -2.351552"
HL/PO/JO/10/1/88/46,"50.9458335, -1.4635448"
HL/PO/JO/10/1/88/47,"50.713084, -2.339675"
HL/PO/JO/10/1/88/49,"50.9860295, 0.450686"
HL/PO/JO/10/1/88/50,"50.92731, -2.588757"
HL/PO/JO/10/1/88/51,"53.344, -1.775"
HL/PO/JO/10/1/88/52,"50.914463, -2.435529"
HL/PO/JO/10/1/88/53,"50.917169, -2.459386"
HL/PO/JO/10/1/88/54,"50.954372, -2.432149"
HL/PO/JO/10/1/88/55,"50.953067, -2.5761759"
HL/PO/JO/10/1/88/56,"51.5223478, -2.6189869"
HL/PO/JO/10/1/88/57,"50.917108, -2.483418"
HL/PO/JO/10/1/88/58,"54.975823, -2.249734"
HL/PO/JO/10/1/88/59,"50.886638, -2.4889"
HL/PO/JO/10/1/88/60,"50.910223, -2.49943"
HL/PO/JO/10/1/88/61,"50.921971, -2.368015"
HL/PO/JO/10/1/88/62,"52.791844, 0.435894"
HL/PO/JO/10/1/88/63,"50.0030607, 17.4969037"
HL/PO/JO/10/1/88/64,"50.947822, -2.5144829"
HL/PO/JO/10/1/88/65,"50.9097579, -2.530169"
HL/PO/JO/10/1/88/66,"50.915802, -2.561658"
HL/PO/JO/10/1/88/67,"45.189484, 18.6873659"
HL/PO/JO/10/1/88/68,"51.151216, -2.443302"
HL/PO/JO/10/1/88/69,"50.873036, -2.567718"
HL/PO/JO/10/1/88/70,"53.496115, -2.518727"
HL/PO/JO/10/1/88/71,"50.856689, -2.575948"
HL/PO/JO/10/1/88/72,"50.8925685, -2.5802501"
HL/PO/JO/10/1/88/73,"50.86976, -2.654824"
HL/PO/JO/10/1/88/74,"50.894509, -2.592435"
HL/PO/JO/10/1/88/76,"50.853807, -2.374905"
HL/PO/JO/10/1/88/77,"50.818345, -2.406778"
HL/PO/JO/10/1/88/78,"50.87756, -2.415807"
HL/PO/JO/10/1/88/79,"52.097826, -0.527125"
HL/PO/JO/10/1/88/80,"50.7554731, -1.8500607"
HL/PO/JO/10/1/88/81,"36.988099, 35.337301"
HL/PO/JO/10/1/88/82,"50.869988, -2.303561"
HL/PO/JO/10/1/88/83,"50.824294, -2.338584"
HL/PO/JO/10/1/88/84,"50.817903, -2.269475"
HL/PO/JO/10/1/88/85,"50.858201, -2.337738"
HL/PO/JO/10/1/88/86,"50.861915, -2.318085"
HL/PO/JO/10/1/88/87,"50.8372079, -2.4846879"
HL/PO/JO/10/1/88/88,"50.797831, -2.420996"
HL/PO/JO/10/1/88/89,"50.822204, -2.4282879"
HL/PO/JO/10/1/88/90,"50.797673, -2.581923"
HL/PO/JO/10/1/88/91,"50.808756, -2.477207"
HL/PO/JO/10/1/88/92,"50.968349, -2.1916808"
HL/PO/JO/10/1/88/93,"50.76908, -2.477373"
HL/PO/JO/10/1/88/40,"50.6371246, -2.2018937"
HL/PO/JO/10/1/88/41,"50.675467, -2.183033"
HL/PO/JO/10/1/88/42,"50.702821, -2.285468"
HL/PO/JO/10/1/88/43,"50.655149, -2.364921"
HL/PO/JO/10/1/88/44,"50.687817, -2.110981"
HL/PO/JO/10/1/88/45,"50.67187, -2.351552"
HL/PO/JO/10/1/88/46,"50.9458335, -1.4635448"
HL/PO/JO/10/1/88/47,"50.713084, -2.339675"
HL/PO/JO/10/1/88/49,"50.9860295, 0.450686"
HL/PO/JO/10/1/88/50,"50.92731, -2.588757"
HL/PO/JO/10/1/88/51,"53.344, -1.775"
HL/PO/JO/10/1/88/52,"50.914463, -2.435529"
HL/PO/JO/10/1/88/53,"50.917169, -2.459386"
HL/PO/JO/10/1/88/54,"50.954372, -2.432149"
HL/PO/JO/10/1/88/55,"50.953067, -2.5761759"
HL/PO/JO/10/1/88/56,"51.5223478, -2.6189869"
HL/PO/JO/10/1/88/57,"50.917108, -2.483418"
HL/PO/JO/10/1/88/58,"54.975823, -2.249734"
HL/PO/JO/10/1/88/59,"50.886638, -2.4889"
HL/PO/JO/10/1/88/60,"50.910223, -2.49943"
HL/PO/JO/10/1/88/61,"50.921971, -2.368015"
HL/PO/JO/10/1/88/62,"52.791844, 0.435894"
HL/PO/JO/10/1/88/63,"50.0030607, 17.4969037"
HL/PO/JO/10/1/88/64,"50.947822, -2.5144829"
HL/PO/JO/10/1/88/65,"50.9097579, -2.530169"
HL/PO/JO/10/1/88/66,"50.915802, -2.561658"
HL/PO/JO/10/1/88/67,"45.189484, 18.6873659"
HL/PO/JO/10/1/88/68,"51.151216, -2.443302"
HL/PO/JO/10/1/88/69,"50.873036, -2.567718"
HL/PO/JO/10/1/88/70,"53.496115, -2.518727"
HL/PO/JO/10/1/88/71,"50.856689, -2.575948"
HL/PO/JO/10/1/88/72,"50.8925685, -2.5802501"
HL/PO/JO/10/1/88/73,"50.86976, -2.654824"
HL/PO/JO/10/1/88/74,"50.894509, -2.592435"
HL/PO/JO/10/1/88/76,"50.853807, -2.374905"
HL/PO/JO/10/1/88/77,"50.818345, -2.406778"
HL/PO/JO/10/1/88/78,"50.87756, -2.415807"
HL/PO/JO/10/1/88/79,"52.097826, -0.527125"
HL/PO/JO/10/1/88/80,"50.7554731, -1.8500607"
HL/PO/JO/10/1/88/81,"36.988099, 35.337301"
HL/PO/JO/10/1/88/82,"50.869988, -2.303561"
HL/PO/JO/10/1/88/83,"50.824294, -2.338584"
HL/PO/JO/10/1/88/84,"50.817903, -2.269475"
HL/PO/JO/10/1/88/85,"50.858201, -2.337738"
HL/PO/JO/10/1/88/86,"50.861915, -2.318085"
HL/PO/JO/10/1/88/87,"50.8372079, -2.4846879"
HL/PO/JO/10/1/88/88,"50.797831, -2.420996"
HL/PO/JO/10/1/88/89,"50.822204, -2.4282879"
HL/PO/JO/10/1/88/90,"50.797673, -2.581923"
HL/PO/JO/10/1/88/91,"50.808756, -2.477207"
HL/PO/JO/10/1/88/92,"50.968349, -2.1916808"
HL/PO/JO/10/1/88/93,"50.76908, -2.477373"
orset - Bridport Division - Eggerton Hundred - Hooke.,"50.7987973, -2.6596516"
HL/PO/JO/10/1/89/36,"50.7049711, -2.6133545"
HL/PO/JO/10/1/89/37,"50.713127, -2.544411"
HL/PO/JO/10/1/89/38,"50.615963, -1.222199"
HL/PO/JO/10/1/89/39,"50.787706, -1.9546093"
HL/PO/JO/10/1/89/40,"50.834379, -2.14125"
HL/PO/JO/10/1/89/41,"50.769776, -2.021419"
HL/PO/JO/10/1/89/42,"50.719733, -2.0109"
HL/PO/JO/10/1/89/43,"51.41233, -0.300689"
HL/PO/JO/10/1/89/44,"50.757805, -2.076603"
HL/PO/JO/10/1/89/45,"50.737588, -2.056595"
HL/PO/JO/10/1/89/46,"50.801447, -2.072435"
HL/PO/JO/10/1/89/47,"50.920809, -2.070008"
HL/PO/JO/10/1/89/48,"50.918804, -1.921402"
HL/PO/JO/10/1/89/49,"50.879201, -2.08134"
HL/PO/JO/10/1/89/50,"50.789673, -2.124928"
HL/PO/JO/10/1/89/51,"51.394943, -0.19446"
HL/PO/JO/10/1/89/52,"50.819206, -2.122813"
HL/PO/JO/10/1/89/53,"50.8909019, -2.037257"
HL/PO/JO/10/1/89/54,"50.900535, -1.999905"
HL/PO/JO/10/1/89/55,"55.3439936, -1.6099907"
HL/PO/JO/10/1/89/56,"51.386322, 0.551438"
HL/PO/JO/10/1/89/57,"51.025911, -2.214709"
HL/PO/JO/10/1/89/58,"50.861913, -1.974825"
HL/PO/JO/10/1/89/59,"55.470249, -3.652242"
HL/PO/JO/10/1/89/61,"50.902275, -2.021215"
HL/PO/JO/10/1/89/62,"50.854342, -1.983614"
HL/PO/JO/10/1/89/63,"50.840863, -2.007574"
HL/PO/JO/10/1/89/64,"50.92902, -2.967601"
HL/PO/JO/10/1/89/65,"51.141287, -2.834099"
HL/PO/JO/10/1/89/66,"50.800657, -1.984495"
HL/PO/JO/10/1/89/67,"-27.9864232, 153.3807186"
HL/PO/JO/10/1/89/68,"50.88664, -2.2981919"
HL/PO/JO/10/1/89/69,"51.447056, -0.672581"
HL/PO/JO/10/1/89/70,"50.90147, -1.914341"
HL/PO/JO/10/1/89/71,"51.214321, -0.798802"
HL/PO/JO/10/1/89/72,"50.787642, -1.924315"
HL/PO/JO/10/1/89/73,"50.90271, -2.4280719"
HL/PO/JO/10/1/89/74,"-32.2048046, 115.9264247"
HL/PO/JO/10/1/89/75,"50.955708, -1.954038"
HL/PO/JO/10/1/89/76,"33.6650629, -86.8007166"
HL/PO/JO/10/1/89/77,"50.914454, -2.107266"
HL/PO/JO/10/1/89/78,"42.0242562, -74.7090458"
HL/PO/JO/10/1/89/79,"50.776142, -1.878296"
HL/PO/JO/10/1/89/80,"50.857549, -2.017024"
HL/PO/JO/10/1/89/81,"50.788793, -1.9231132"
HL/PO/JO/10/1/89/82,"50.9178757, -1.9510409"
HL/PO/JO/10/1/89/84,"50.968349, -2.1916808"
HL/PO/JO/10/1/89/85,"50.950254, -2.187886"
HL/PO/JO/10/1/89/86,"53.113313, -2.801091"
HL/PO/JO/10/1/89/87,"50.9311269, -2.189258"
HL/PO/JO/10/1/89/88,"50.978091, -2.167653"
HL/PO/JO/10/1/89/89,"51.0046, -2.198083"
HL/PO/JO/10/1/89/90,"18.3923184, -77.8595963"
HL/PO/JO/10/1/89/36,"50.7049711, -2.6133545"
HL/PO/JO/10/1/89/37,"50.713127, -2.544411"
HL/PO/JO/10/1/89/38,"50.615963, -1.222199"
HL/PO/JO/10/1/89/39,"50.787706, -1.9546093"
HL/PO/JO/10/1/89/40,"50.834379, -2.14125"
HL/PO/JO/10/1/89/41,"50.769776, -2.021419"
HL/PO/JO/10/1/89/42,"50.719733, -2.0109"
HL/PO/JO/10/1/89/43,"51.41233, -0.300689"
HL/PO/JO/10/1/89/44,"50.757805, -2.076603"
HL/PO/JO/10/1/89/45,"50.737588, -2.056595"
HL/PO/JO/10/1/89/46,"50.801447, -2.072435"
HL/PO/JO/10/1/89/47,"50.920809, -2.070008"
HL/PO/JO/10/1/89/48,"50.918804, -1.921402"
HL/PO/JO/10/1/89/49,"50.879201, -2.08134"
HL/PO/JO/10/1/89/50,"50.789673, -2.124928"
HL/PO/JO/10/1/89/51,"51.394943, -0.19446"
HL/PO/JO/10/1/89/52,"50.819206, -2.122813"
HL/PO/JO/10/1/89/53,"50.8909019, -2.037257"
HL/PO/JO/10/1/89/54,"50.900535, -1.999905"
HL/PO/JO/10/1/89/55,"55.3439936, -1.6099907"
HL/PO/JO/10/1/89/56,"51.386322, 0.551438"
HL/PO/JO/10/1/89/57,"51.025911, -2.214709"
HL/PO/JO/10/1/89/58,"50.861913, -1.974825"
HL/PO/JO/10/1/89/59,"55.470249, -3.652242"
HL/PO/JO/10/1/89/61,"50.902275, -2.021215"
HL/PO/JO/10/1/89/62,"50.854342, -1.983614"
HL/PO/JO/10/1/89/63,"50.840863, -2.007574"
HL/PO/JO/10/1/89/64,"50.92902, -2.967601"
HL/PO/JO/10/1/89/65,"51.141287, -2.834099"
HL/PO/JO/10/1/89/66,"50.800657, -1.984495"
HL/PO/JO/10/1/89/67,"-27.9864232, 153.3807186"
HL/PO/JO/10/1/89/68,"50.88664, -2.2981919"
HL/PO/JO/10/1/89/69,"51.447056, -0.672581"
HL/PO/JO/10/1/89/70,"50.90147, -1.914341"
HL/PO/JO/10/1/89/71,"51.214321, -0.798802"
HL/PO/JO/10/1/89/72,"50.787642, -1.924315"
HL/PO/JO/10/1/89/73,"50.90271, -2.4280719"
HL/PO/JO/10/1/89/74,"-32.2048046, 115.9264247"
HL/PO/JO/10/1/89/75,"50.955708, -1.954038"
HL/PO/JO/10/1/89/76,"33.6650629, -86.8007166"
HL/PO/JO/10/1/89/77,"50.914454, -2.107266"
HL/PO/JO/10/1/89/78,"42.0242562, -74.7090458"
HL/PO/JO/10/1/89/79,"50.776142, -1.878296"
HL/PO/JO/10/1/89/80,"50.857549, -2.017024"
HL/PO/JO/10/1/89/81,"50.788793, -1.9231132"
HL/PO/JO/10/1/89/82,"50.9178757, -1.9510409"
HL/PO/JO/10/1/89/84,"50.968349, -2.1916808"
HL/PO/JO/10/1/89/85,"50.950254, -2.187886"
HL/PO/JO/10/1/89/86,"53.113313, -2.801091"
HL/PO/JO/10/1/89/87,"50.9311269, -2.189258"
HL/PO/JO/10/1/89/88,"50.978091, -2.167653"
HL/PO/JO/10/1/89/89,"51.0046, -2.198083"
HL/PO/JO/10/1/89/90,"18.3923184, -77.8595963"
HL/PO/JO/10/1/90/8,"54.833916, -2.077737"
HL/PO/JO/10/1/90/9,"54.980297, -1.482757"
HL/PO/JO/10/1/90/10,"54.9201, -1.610463"
HL/PO/JO/10/1/90/11,"54.82232, -1.740305"
HL/PO/JO/10/1/90/12,"54.885335, -1.811501"
HL/PO/JO/10/1/90/13,"54.9146, -1.3825"
HL/PO/JO/10/1/90/14,"54.844225, -1.944117"
HL/PO/JO/10/1/90/15,"54.9728909, -1.7629735"
HL/PO/JO/10/1/90/16,"54.9945639, -1.4316452"
HL/PO/JO/10/1/90/17,"54.8936411, -1.7105058"
HL/PO/JO/10/1/90/18,"54.897432, -1.517366"
HL/PO/JO/10/1/90/19,"54.944116, -1.674552"
HL/PO/JO/10/1/90/20,"55.867674, -3.682519"
HL/PO/JO/10/1/90/21,"33.3528264, -111.789027"
HL/PO/JO/10/1/90/22,"-36.8484597, 174.7633315"
HL/PO/JO/10/1/90/23,"-36.8534683, 174.6149939"
HL/PO/JO/10/1/90/24,"54.5961775, -1.5630318"
HL/PO/JO/10/1/90/25,"54.545284, -1.923741"
HL/PO/JO/10/1/90/26,"54.736542, -1.654905"
HL/PO/JO/10/1/90/27,"54.6128988, -1.8055712"
HL/PO/JO/10/1/90/28,"54.5232926, -1.5587715"
HL/PO/JO/10/1/90/29,"34.3035681, -79.8691994"
HL/PO/JO/10/1/90/30,"54.52046, -1.54733"
HL/PO/JO/10/1/90/31,"33.2148412, -97.1330683"
HL/PO/JO/10/1/90/32,"54.548059, -1.739469"
HL/PO/JO/10/1/90/33,"54.675631, -1.827378"
HL/PO/JO/10/1/90/34,"52.783826, -2.202159"
HL/PO/JO/10/1/90/35,"53.212471, -0.459257"
HL/PO/JO/10/1/90/36,"52.781317, -2.784539"
HL/PO/JO/10/1/90/37,"38.2859125, -111.4774629"
HL/PO/JO/10/1/90/38,"54.545976, -1.470881"
HL/PO/JO/10/1/90/39,"54.74946, -2.011302"
HL/PO/JO/10/1/90/40,"53.660416, -2.172478"
HL/PO/JO/10/1/90/41,"54.529458, -1.838976"
HL/PO/JO/10/1/90/42,"54.543733, -1.783328"
HL/PO/JO/10/1/90/43,"47.30412, 11.64094"
HL/PO/JO/10/1/90/44,"54.73256, -1.88394"
HL/PO/JO/10/1/90/45,"54.899913, -1.420582"
HL/PO/JO/10/1/90/46,"54.738674, -1.33521"
HL/PO/JO/10/1/90/47,"54.72658, -1.584892"
HL/PO/JO/10/1/90/48,"60.5853559, 5.8147823"
HL/PO/JO/10/1/90/49,"54.7737999, -1.5747685"
HL/PO/JO/10/1/90/50,"54.7714231, -1.57665"
HL/PO/JO/10/1/90/51,"54.77525, -1.584852"
HL/PO/JO/10/1/90/52,"54.7758341, -1.5799296"
HL/PO/JO/10/1/90/53,"54.7870088, -1.5977923"
HL/PO/JO/10/1/90/54,"54.784853, -1.3515"
HL/PO/JO/10/1/90/55,"36.4214066, -116.4221616"
HL/PO/JO/10/1/90/56,"54.720584, -1.472605"
HL/PO/JO/10/1/90/57,"54.7285712, -1.2949833"
HL/PO/JO/10/1/90/58,"54.7926322, -1.4802435"
HL/PO/JO/10/1/90/59,"53.0194039, -2.7670397"
HL/PO/JO/10/1/90/60,"54.840346, -1.337517"
HL/PO/JO/10/1/90/61,"54.7677694, -1.5233066"
HL/PO/JO/10/1/90/62,"54.906869, -1.383801"
HL/PO/JO/10/1/90/63,"54.703328, -1.4356199"
HL/PO/JO/10/1/90/64,"54.612537, -1.290961"
HL/PO/JO/10/1/90/65,"54.679575, -1.4864409"
HL/PO/JO/10/1/90/66,"55.908622, -4.50452"
HL/PO/JO/10/1/90/67,"54.51474, -1.46707"
HL/PO/JO/10/1/90/68,"54.5178547, -1.3596383"
HL/PO/JO/10/1/90/69,"53.273924, -2.8153039"
HL/PO/JO/10/1/90/70,"54.682139, -1.294693"
HL/PO/JO/10/1/90/71,"51.073229, -0.889997"
HL/PO/JO/10/1/90/72,"54.594885, -1.476965"
HL/PO/JO/10/1/90/8,"54.833916, -2.077737"
HL/PO/JO/10/1/90/9,"54.980297, -1.482757"
HL/PO/JO/10/1/90/10,"54.9201, -1.610463"
HL/PO/JO/10/1/90/11,"54.82232, -1.740305"
HL/PO/JO/10/1/90/12,"54.885335, -1.811501"
HL/PO/JO/10/1/90/13,"54.9146, -1.3825"
HL/PO/JO/10/1/90/14,"54.844225, -1.944117"
HL/PO/JO/10/1/90/15,"54.9728909, -1.7629735"
HL/PO/JO/10/1/90/16,"54.9945639, -1.4316452"
HL/PO/JO/10/1/90/17,"54.8936411, -1.7105058"
HL/PO/JO/10/1/90/18,"54.897432, -1.517366"
HL/PO/JO/10/1/90/19,"54.944116, -1.674552"
HL/PO/JO/10/1/90/20,"55.867674, -3.682519"
HL/PO/JO/10/1/90/21,"33.3528264, -111.789027"
HL/PO/JO/10/1/90/22,"-36.8484597, 174.7633315"
HL/PO/JO/10/1/90/23,"-36.8534683, 174.6149939"
HL/PO/JO/10/1/90/24,"54.5961775, -1.5630318"
HL/PO/JO/10/1/90/25,"54.545284, -1.923741"
HL/PO/JO/10/1/90/26,"54.736542, -1.654905"
HL/PO/JO/10/1/90/27,"54.6128988, -1.8055712"
HL/PO/JO/10/1/90/28,"54.5232926, -1.5587715"
HL/PO/JO/10/1/90/29,"34.3035681, -79.8691994"
HL/PO/JO/10/1/90/30,"54.52046, -1.54733"
HL/PO/JO/10/1/90/31,"33.2148412, -97.1330683"
HL/PO/JO/10/1/90/32,"54.548059, -1.739469"
HL/PO/JO/10/1/90/33,"54.675631, -1.827378"
HL/PO/JO/10/1/90/34,"52.783826, -2.202159"
HL/PO/JO/10/1/90/35,"53.212471, -0.459257"
HL/PO/JO/10/1/90/36,"52.781317, -2.784539"
HL/PO/JO/10/1/90/37,"38.2859125, -111.4774629"
HL/PO/JO/10/1/90/38,"54.545976, -1.470881"
HL/PO/JO/10/1/90/39,"54.74946, -2.011302"
HL/PO/JO/10/1/90/40,"53.660416, -2.172478"
HL/PO/JO/10/1/90/41,"54.529458, -1.838976"
HL/PO/JO/10/1/90/42,"54.543733, -1.783328"
HL/PO/JO/10/1/90/43,"47.30412, 11.64094"
HL/PO/JO/10/1/90/44,"54.73256, -1.88394"
HL/PO/JO/10/1/90/45,"54.899913, -1.420582"
HL/PO/JO/10/1/90/46,"54.738674, -1.33521"
HL/PO/JO/10/1/90/47,"54.72658, -1.584892"
HL/PO/JO/10/1/90/48,"60.5853559, 5.8147823"
HL/PO/JO/10/1/90/49,"54.7737999, -1.5747685"
HL/PO/JO/10/1/90/50,"54.7714231, -1.57665"
HL/PO/JO/10/1/90/51,"54.77525, -1.584852"
HL/PO/JO/10/1/90/52,"54.7758341, -1.5799296"
HL/PO/JO/10/1/90/53,"54.7870088, -1.5977923"
HL/PO/JO/10/1/90/54,"54.784853, -1.3515"
HL/PO/JO/10/1/90/55,"36.4214066, -116.4221616"
HL/PO/JO/10/1/90/56,"54.720584, -1.472605"
HL/PO/JO/10/1/90/57,"54.7285712, -1.2949833"
HL/PO/JO/10/1/90/58,"54.7926322, -1.4802435"
HL/PO/JO/10/1/90/59,"53.0194039, -2.7670397"
HL/PO/JO/10/1/90/60,"54.840346, -1.337517"
HL/PO/JO/10/1/90/61,"54.7677694, -1.5233066"
HL/PO/JO/10/1/90/62,"54.906869, -1.383801"
HL/PO/JO/10/1/90/63,"54.703328, -1.4356199"
HL/PO/JO/10/1/90/64,"54.612537, -1.290961"
HL/PO/JO/10/1/90/65,"54.679575, -1.4864409"
HL/PO/JO/10/1/90/66,"55.908622, -4.50452"
HL/PO/JO/10/1/90/67,"54.51474, -1.46707"
HL/PO/JO/10/1/90/68,"54.5178547, -1.3596383"
HL/PO/JO/10/1/90/69,"53.273924, -2.8153039"
HL/PO/JO/10/1/90/70,"54.682139, -1.294693"
HL/PO/JO/10/1/90/71,"51.073229, -0.889997"
HL/PO/JO/10/1/90/72,"54.594885, -1.476965"
HL/PO/JO/10/1/91/56,"41.7637111, -72.6850932"
HL/PO/JO/10/1/91/57,"52.3294055, -0.036249"
HL/PO/JO/10/1/91/59,"52.3985967, -0.0423988"
HL/PO/JO/10/1/91/60,"44.9963986, -93.0615978"
HL/PO/JO/10/1/91/63,"52.387271, -0.193528"
HL/PO/JO/10/1/91/64,"52.372281, -0.1499089"
HL/PO/JO/10/1/91/65,"50.2152089, -5.4777498"
HL/PO/JO/10/1/91/66,"52.382565, -0.0021059"
HL/PO/JO/10/1/91/69,"52.404533, -0.077056"
HL/PO/JO/10/1/91/70,"52.554093, -1.066114"
HL/PO/JO/10/1/91/71,"52.3809462, -0.0466633"
HL/PO/JO/10/1/91/72,"52.365912, -0.262374"
HL/PO/JO/10/1/91/73,"-35.630312, 144.1289856"
HL/PO/JO/10/1/91/74,"43.683333, -79.766667"
HL/PO/JO/10/1/91/75,"52.2664452, -1.0288835"
HL/PO/JO/10/1/91/76,"52.377556, -0.31343"
HL/PO/JO/10/1/91/77,"52.3714996, -0.4504366"
HL/PO/JO/10/1/91/78,"52.346132, -0.4063629"
HL/PO/JO/10/1/91/80,"52.3238259, -0.4511"
HL/PO/JO/10/1/91/81,"50.548373, -2.436027"
HL/PO/JO/10/1/91/82,"53.4783182, -1.1933845"
HL/PO/JO/10/1/91/83,"51.2894793, -1.9798598"
HL/PO/JO/10/1/91/84,"51.2894793, -1.9798598"
HL/PO/JO/10/1/91/85,"52.418684, -0.332285"
HL/PO/JO/10/1/91/86,"50.94712, -0.682229"
HL/PO/JO/10/1/91/87,"52.4031329, -0.334598"
HL/PO/JO/10/1/91/88,"52.366112, -0.470119"
HL/PO/JO/10/1/91/89,"-40.0543929, 175.7792843"
HL/PO/JO/10/1/91/90,"52.644226, -3.125894"
HL/PO/JO/10/1/91/91,"52.37179, -0.425844"
HL/PO/JO/10/1/91/92,"52.4044081, -0.3759985"
HL/PO/JO/10/1/91/93,"52.340322, -0.346802"
HL/PO/JO/10/1/91/94,"51.931364, -1.726444"
HL/PO/JO/10/1/91/95,"52.946095, -0.162996"
HL/PO/JO/10/1/91/96,"43.631431, -73.215323"
HL/PO/JO/10/1/91/97,"53.615278, -1.517721"
HL/PO/JO/10/1/91/99,"52.5487397, -0.3313324"
HL/PO/JO/10/1/91/100,"52.029204, -0.200119"
HL/PO/JO/10/1/91/101,"51.889176, -1.188494"
HL/PO/JO/10/1/91/102,"52.2787239, -0.060632"
HL/PO/JO/10/1/91/103,"33.2148412, -97.1330683"
HL/PO/JO/10/1/91/104,"53.273924, -2.8153039"
HL/PO/JO/10/1/91/105,"53.5578041, -2.7756229"
HL/PO/JO/10/1/91/106,"52.5437657, -0.2742463"
HL/PO/JO/10/1/91/107,"52.4936736, -0.3110591"
HL/PO/JO/10/1/91/108,"52.459956, -0.303377"
HL/PO/JO/10/1/91/109,"52.5208749, -0.3244349"
HL/PO/JO/10/1/91/110,"54.203341, -2.730586"
HL/PO/JO/10/1/91/111,"49.6405209, 6.8607768"
HL/PO/JO/10/1/91/113,"44.5520105, -69.6317121"
HL/PO/JO/10/1/91/56,"41.7637111, -72.6850932"
HL/PO/JO/10/1/91/57,"52.3294055, -0.036249"
HL/PO/JO/10/1/91/59,"52.3985967, -0.0423988"
HL/PO/JO/10/1/91/60,"44.9963986, -93.0615978"
HL/PO/JO/10/1/91/63,"52.387271, -0.193528"
HL/PO/JO/10/1/91/64,"52.372281, -0.1499089"
HL/PO/JO/10/1/91/65,"50.2152089, -5.4777498"
HL/PO/JO/10/1/91/66,"52.382565, -0.0021059"
HL/PO/JO/10/1/91/69,"52.404533, -0.077056"
HL/PO/JO/10/1/91/70,"52.554093, -1.066114"
HL/PO/JO/10/1/91/71,"52.3809462, -0.0466633"
HL/PO/JO/10/1/91/72,"52.365912, -0.262374"
HL/PO/JO/10/1/91/73,"-35.630312, 144.1289856"
HL/PO/JO/10/1/91/74,"43.683333, -79.766667"
HL/PO/JO/10/1/91/75,"52.2664452, -1.0288835"
HL/PO/JO/10/1/91/76,"52.377556, -0.31343"
HL/PO/JO/10/1/91/77,"52.3714996, -0.4504366"
HL/PO/JO/10/1/91/78,"52.346132, -0.4063629"
HL/PO/JO/10/1/91/80,"52.3238259, -0.4511"
HL/PO/JO/10/1/91/81,"50.548373, -2.436027"
HL/PO/JO/10/1/91/82,"53.4783182, -1.1933845"
HL/PO/JO/10/1/91/83,"51.2894793, -1.9798598"
