HL/PO/JO/10/1/77/5,"51.482206, -1.187578"
HL/PO/JO/10/1/77/6,"51.561137, -1.195344"
HL/PO/JO/10/1/77/9,"51.708434, -1.336699"
HL/PO/JO/10/1/77/11,"51.007583, -2.846584"
HL/PO/JO/10/1/77/14,"51.418292, -1.787335"
HL/PO/JO/10/1/77/15,"51.654908, -1.38979"
HL/PO/JO/10/1/77/20,"51.647686, -1.42563"
HL/PO/JO/10/1/77/21,"51.678908, -1.338261"
HL/PO/JO/10/1/77/23,"51.608703, -1.192662"
HL/PO/JO/10/1/77/24,"51.600912, -1.21218"
HL/PO/JO/10/1/77/25,"51.547289, -1.161685"
HL/PO/JO/10/1/77/28,"51.218142, -1.22552"
HL/PO/JO/10/1/77/29,"51.519955, -1.165597"
HL/PO/JO/10/1/77/32,"51.057752, -3.434951"
HL/PO/JO/10/1/77/33,"51.635233, -1.184255"
HL/PO/JO/10/1/77/34,"51.638602, -1.207616"
HL/PO/JO/10/1/77/35,"51.771925, -1.32028"
HL/PO/JO/10/1/77/37,"51.500405, -1.310125"
HL/PO/JO/10/1/77/40,"51.376727, -1.200977"
HL/PO/JO/10/1/77/42,"51.599142, -1.453536"
HL/PO/JO/10/1/77/43,"51.599848, -1.47725"
HL/PO/JO/10/1/77/45,"51.799954, -1.005791"
HL/PO/JO/10/1/77/46,"51.220689, -0.62636"
HL/PO/JO/10/1/77/48,"52.146134, -1.359244"
HL/PO/JO/10/1/77/49,"51.567808, -0.909195"
HL/PO/JO/10/1/77/5,"51.482206, -1.187578"
HL/PO/JO/10/1/77/6,"51.561137, -1.195344"
HL/PO/JO/10/1/77/9,"51.708434, -1.336699"
HL/PO/JO/10/1/77/11,"51.007583, -2.846584"
HL/PO/JO/10/1/77/14,"51.418292, -1.787335"
HL/PO/JO/10/1/77/15,"51.654908, -1.38979"
HL/PO/JO/10/1/77/20,"51.647686, -1.42563"
HL/PO/JO/10/1/77/21,"51.678908, -1.338261"
HL/PO/JO/10/1/77/23,"51.608703, -1.192662"
HL/PO/JO/10/1/77/24,"51.600912, -1.21218"
HL/PO/JO/10/1/77/25,"51.547289, -1.161685"
HL/PO/JO/10/1/77/28,"51.218142, -1.22552"
HL/PO/JO/10/1/77/29,"51.519955, -1.165597"
HL/PO/JO/10/1/77/32,"51.057752, -3.434951"
HL/PO/JO/10/1/77/33,"51.635233, -1.184255"
HL/PO/JO/10/1/77/34,"51.638602, -1.207616"
HL/PO/JO/10/1/77/35,"51.771925, -1.32028"
HL/PO/JO/10/1/77/37,"51.500405, -1.310125"
HL/PO/JO/10/1/77/40,"51.376727, -1.200977"
HL/PO/JO/10/1/77/42,"51.599142, -1.453536"
HL/PO/JO/10/1/77/43,"51.599848, -1.47725"
HL/PO/JO/10/1/77/45,"51.799954, -1.005791"
HL/PO/JO/10/1/77/46,"51.220689, -0.62636"
HL/PO/JO/10/1/77/48,"52.146134, -1.359244"
HL/PO/JO/10/1/77/49,"51.567808, -0.909195"
HL/PO/JO/10/1/77/101,"52.257242, -1.448222"
HL/PO/JO/10/1/78/1,"51.950886, -0.918751"
HL/PO/JO/10/1/78/2,"51.971018, -0.917864"
HL/PO/JO/10/1/78/3,"52.034566, -0.974213"
HL/PO/JO/10/1/78/4,"53.081357, -2.827525"
HL/PO/JO/10/1/78/5,"52.02509, -0.870053"
HL/PO/JO/10/1/78/6,"52.049229, -1.079676"
HL/PO/JO/10/1/78/11,"51.956391, -1.004033"
HL/PO/JO/10/1/78/12,"52.037963, -0.940155"
HL/PO/JO/10/1/78/14,"51.895282, -1.065466"
HL/PO/JO/10/1/78/15,"50.700642, -2.291755"
HL/PO/JO/10/1/78/16,"51.969861, -0.950195"
HL/PO/JO/10/1/78/17,"51.953175, -1.043342"
HL/PO/JO/10/1/78/18,"52.008535, -1.016437"
HL/PO/JO/10/1/78/20,"51.93083, -0.991223"
HL/PO/JO/10/1/78/21,"52.358634, -3.018206"
HL/PO/JO/10/1/78/22,"51.995348, -0.913496"
HL/PO/JO/10/1/78/26,"51.93023, -1.036873"
HL/PO/JO/10/1/78/27,"52.016633, -1.04782"
HL/PO/JO/10/1/78/28,"52.673382, -2.972218"
HL/PO/JO/10/1/78/34,"51.793425, -0.689062"
HL/PO/JO/10/1/78/35,"51.95306, -0.763329"
HL/PO/JO/10/1/78/36,"51.913375, -0.807657"
HL/PO/JO/10/1/78/40,"51.914325, -0.832547"
HL/PO/JO/10/1/78/41,"51.973629, -0.882831"
HL/PO/JO/10/1/78/42,"51.968287, -0.840378"
HL/PO/JO/10/1/78/43,"51.842427, -0.615827"
HL/PO/JO/10/1/78/46,"51.872564, -0.693973"
HL/PO/JO/10/1/78/48,"51.881048, -0.654026"
HL/PO/JO/10/1/78/53,"52.124908, -1.678419"
HL/PO/JO/10/1/78/54,"51.897581, -0.731004"
HL/PO/JO/10/1/77/101,"52.257242, -1.448222"
HL/PO/JO/10/1/78/1,"51.950886, -0.918751"
HL/PO/JO/10/1/78/2,"51.971018, -0.917864"
HL/PO/JO/10/1/78/3,"52.034566, -0.974213"
HL/PO/JO/10/1/78/4,"53.081357, -2.827525"
HL/PO/JO/10/1/78/5,"52.02509, -0.870053"
HL/PO/JO/10/1/78/6,"52.049229, -1.079676"
HL/PO/JO/10/1/78/11,"51.956391, -1.004033"
HL/PO/JO/10/1/78/12,"52.037963, -0.940155"
HL/PO/JO/10/1/78/14,"51.895282, -1.065466"
HL/PO/JO/10/1/78/15,"50.700642, -2.291755"
HL/PO/JO/10/1/78/16,"51.969861, -0.950195"
HL/PO/JO/10/1/78/17,"51.953175, -1.043342"
HL/PO/JO/10/1/78/18,"52.008535, -1.016437"
HL/PO/JO/10/1/78/20,"51.93083, -0.991223"
HL/PO/JO/10/1/78/21,"52.358634, -3.018206"
HL/PO/JO/10/1/78/22,"51.995348, -0.913496"
HL/PO/JO/10/1/78/26,"51.93023, -1.036873"
HL/PO/JO/10/1/78/27,"52.016633, -1.04782"
HL/PO/JO/10/1/78/28,"52.673382, -2.972218"
HL/PO/JO/10/1/78/34,"51.793425, -0.689062"
HL/PO/JO/10/1/78/35,"51.95306, -0.763329"
HL/PO/JO/10/1/78/36,"51.913375, -0.807657"
HL/PO/JO/10/1/78/40,"51.914325, -0.832547"
HL/PO/JO/10/1/78/41,"51.973629, -0.882831"
HL/PO/JO/10/1/78/42,"51.968287, -0.840378"
HL/PO/JO/10/1/78/43,"51.842427, -0.615827"
HL/PO/JO/10/1/78/46,"51.872564, -0.693973"
HL/PO/JO/10/1/78/48,"51.881048, -0.654026"
HL/PO/JO/10/1/78/53,"52.124908, -1.678419"
HL/PO/JO/10/1/78/54,"51.897581, -0.731004"
HL/PO/JO/10/1/79/44,"50.223934, -5.154429"
HL/PO/JO/10/1/79/46,"49.978036, -5.210305"
HL/PO/JO/10/1/79/47,"50.156066, -5.14924"
HL/PO/JO/10/1/79/48,"50.078251, -5.138237"
HL/PO/JO/10/1/79/49,"50.071171, -5.208784"
HL/PO/JO/10/1/79/50,"50.118496, -5.110691"
HL/PO/JO/10/1/79/51,"50.006898, -5.243904"
HL/PO/JO/10/1/79/52,"50.18511, -5.070792"
HL/PO/JO/10/1/79/53,"50.170396, -5.105897"
HL/PO/JO/10/1/79/57,"50.080911, -5.10823"
HL/PO/JO/10/1/79/58,"50.043977, -5.119552"
HL/PO/JO/10/1/79/59,"50.070295, -5.16402"
HL/PO/JO/10/1/79/60,"50.125868, -5.288563"
HL/PO/JO/10/1/80/10,"50.157443, -5.485517"
HL/PO/JO/10/1/80/11,"50.137687, -5.561768"
HL/PO/JO/10/1/80/13,"50.159925, -5.628696"
HL/PO/JO/10/1/80/14,"50.083571, -5.573212"
HL/PO/JO/10/1/80/15,"50.105109, -5.556051"
HL/PO/JO/10/1/80/19,"50.157701, -5.41457"
HL/PO/JO/10/1/80/20,"50.125955, -5.408704"
HL/PO/JO/10/1/80/22,"50.126376, -5.677305"
HL/PO/JO/10/1/80/26,"50.187501, -5.573551"
HL/PO/JO/10/1/80/27,"50.612709, -4.648536"
HL/PO/JO/10/1/80/29,"50.636706, -4.602051"
HL/PO/JO/10/1/80/31,"50.341835, -4.601722"
HL/PO/JO/10/1/80/34,"50.579857, -4.714294"
HL/PO/JO/10/1/80/36,"50.694608, -4.599759"
HL/PO/JO/10/1/80/37,"50.770899, -4.553338"
HL/PO/JO/10/1/80/38,"50.634122, -4.552198"
HL/PO/JO/10/1/80/40,"50.693867, -4.64594"
HL/PO/JO/10/1/79/44,"50.223934, -5.154429"
HL/PO/JO/10/1/79/46,"49.978036, -5.210305"
HL/PO/JO/10/1/79/47,"50.156066, -5.14924"
HL/PO/JO/10/1/79/48,"50.078251, -5.138237"
HL/PO/JO/10/1/79/49,"50.071171, -5.208784"
HL/PO/JO/10/1/79/50,"50.118496, -5.110691"
HL/PO/JO/10/1/79/51,"50.006898, -5.243904"
HL/PO/JO/10/1/79/52,"50.18511, -5.070792"
HL/PO/JO/10/1/79/53,"50.170396, -5.105897"
HL/PO/JO/10/1/79/57,"50.080911, -5.10823"
HL/PO/JO/10/1/79/58,"50.043977, -5.119552"
HL/PO/JO/10/1/79/59,"50.070295, -5.16402"
HL/PO/JO/10/1/79/60,"50.125868, -5.288563"
HL/PO/JO/10/1/80/10,"50.157443, -5.485517"
HL/PO/JO/10/1/80/11,"50.137687, -5.561768"
HL/PO/JO/10/1/80/13,"50.159925, -5.628696"
HL/PO/JO/10/1/80/14,"50.083571, -5.573212"
HL/PO/JO/10/1/80/15,"50.105109, -5.556051"
HL/PO/JO/10/1/80/19,"50.157701, -5.41457"
HL/PO/JO/10/1/80/20,"50.125955, -5.408704"
HL/PO/JO/10/1/80/22,"50.126376, -5.677305"
HL/PO/JO/10/1/80/26,"50.187501, -5.573551"
HL/PO/JO/10/1/80/27,"50.612709, -4.648536"
HL/PO/JO/10/1/80/29,"50.636706, -4.602051"
HL/PO/JO/10/1/80/31,"50.341835, -4.601722"
HL/PO/JO/10/1/80/34,"50.579857, -4.714294"
HL/PO/JO/10/1/80/36,"50.694608, -4.599759"
HL/PO/JO/10/1/80/37,"50.770899, -4.553338"
HL/PO/JO/10/1/80/38,"50.634122, -4.552198"
HL/PO/JO/10/1/80/40,"50.693867, -4.64594"
HL/PO/JO/10/1/81/29,"50.74753, -4.412198"
HL/PO/JO/10/1/81/30,"50.866584, -3.63612"
HL/PO/JO/10/1/81/33,"50.747093, -4.495153"
HL/PO/JO/10/1/81/34,"50.760013, -4.45351"
HL/PO/JO/10/1/81/36,"50.467584, -4.716606"
HL/PO/JO/10/1/81/39,"50.497279, -4.716373"
HL/PO/JO/10/1/81/41,"50.579998, -4.832876"
HL/PO/JO/10/1/81/42,"50.560998, -4.791192"
HL/PO/JO/10/1/81/43,"50.521654, -4.742247"
HL/PO/JO/10/1/81/44,"50.605213, -4.759394"
HL/PO/JO/10/1/81/45,"50.552276, -4.735824"
HL/PO/JO/10/1/81/48,"50.441654, -4.604027"
HL/PO/JO/10/1/81/49,"50.483618, -4.657767"
HL/PO/JO/10/1/81/50,"50.394999, -4.506036"
HL/PO/JO/10/1/81/52,"50.393161, -4.563881"
HL/PO/JO/10/1/81/55,"50.45824, -4.466723"
HL/PO/JO/10/1/81/56,"50.392141, -4.429037"
HL/PO/JO/10/1/81/57,"50.36741, -4.52813"
HL/PO/JO/10/1/81/58,"50.51236, -4.481126"
HL/PO/JO/10/1/81/59,"50.418939, -4.469592"
HL/PO/JO/10/1/81/60,"50.436105, -4.535458"
HL/PO/JO/10/1/81/61,"50.374461, -4.61674"
HL/PO/JO/10/1/81/62,"50.410019, -4.632981"
HL/PO/JO/10/1/82/4,"54.65893, -3.410484"
HL/PO/JO/10/1/82/9,"54.616404, -3.433223"
HL/PO/JO/10/1/82/12,"54.649892, -3.315369"
HL/PO/JO/10/1/82/15,"54.423202, -3.424673"
HL/PO/JO/10/1/82/16,"54.473546, -3.494317"
HL/PO/JO/10/1/82/18,"54.249071, -0.453384"
HL/PO/JO/10/1/82/19,"54.562712, -3.412231"
HL/PO/JO/10/1/82/20,"54.614498, -3.274851"
HL/PO/JO/10/1/82/21,"54.569291, -3.344844"
HL/PO/JO/10/1/82/22,"54.195944, -3.284463"
HL/PO/JO/10/1/82/24,"54.358665, -3.357632"
HL/PO/JO/10/1/82/25,"54.440632, -3.464212"
HL/PO/JO/10/1/81/29,"50.74753, -4.412198"
HL/PO/JO/10/1/81/30,"50.866584, -3.63612"
HL/PO/JO/10/1/81/33,"50.747093, -4.495153"
HL/PO/JO/10/1/81/34,"50.760013, -4.45351"
HL/PO/JO/10/1/81/36,"50.467584, -4.716606"
HL/PO/JO/10/1/81/39,"50.497279, -4.716373"
HL/PO/JO/10/1/81/41,"50.579998, -4.832876"
HL/PO/JO/10/1/81/42,"50.560998, -4.791192"
HL/PO/JO/10/1/81/43,"50.521654, -4.742247"
HL/PO/JO/10/1/81/44,"50.605213, -4.759394"
HL/PO/JO/10/1/81/45,"50.552276, -4.735824"
HL/PO/JO/10/1/81/48,"50.441654, -4.604027"
HL/PO/JO/10/1/81/49,"50.483618, -4.657767"
HL/PO/JO/10/1/81/50,"50.394999, -4.506036"
HL/PO/JO/10/1/81/52,"50.393161, -4.563881"
HL/PO/JO/10/1/81/55,"50.45824, -4.466723"
HL/PO/JO/10/1/81/56,"50.392141, -4.429037"
HL/PO/JO/10/1/81/57,"50.36741, -4.52813"
HL/PO/JO/10/1/81/58,"50.51236, -4.481126"
HL/PO/JO/10/1/81/59,"50.418939, -4.469592"
HL/PO/JO/10/1/81/60,"50.436105, -4.535458"
HL/PO/JO/10/1/81/61,"50.374461, -4.61674"
HL/PO/JO/10/1/81/62,"50.410019, -4.632981"
HL/PO/JO/10/1/82/4,"54.65893, -3.410484"
HL/PO/JO/10/1/82/9,"54.616404, -3.433223"
HL/PO/JO/10/1/82/12,"54.649892, -3.315369"
HL/PO/JO/10/1/82/15,"54.423202, -3.424673"
HL/PO/JO/10/1/82/16,"54.473546, -3.494317"
HL/PO/JO/10/1/82/18,"54.249071, -0.453384"
HL/PO/JO/10/1/82/19,"54.562712, -3.412231"
HL/PO/JO/10/1/82/20,"54.614498, -3.274851"
HL/PO/JO/10/1/82/21,"54.569291, -3.344844"
HL/PO/JO/10/1/82/22,"54.195944, -3.284463"
HL/PO/JO/10/1/82/24,"54.358665, -3.357632"
HL/PO/JO/10/1/82/25,"54.440632, -3.464212"
HL/PO/JO/10/1/82/91,"54.745522, -2.973261"
HL/PO/JO/10/1/82/97,"53.887398, -2.793048"
HL/PO/JO/10/1/82/99,"54.68452, -2.669182"
HL/PO/JO/10/1/82/101,"54.183262, -1.475802"
HL/PO/JO/10/1/82/102,"52.029946, 0.809648"
HL/PO/JO/10/1/82/103,"54.731688, -2.538336"
HL/PO/JO/10/1/82/106,"54.718069, -2.71575"
HL/PO/JO/10/1/82/107,"54.749106, -2.893443"
HL/PO/JO/10/1/83/7,"51.002903, -3.39893"
HL/PO/JO/10/1/83/9,"50.964213, -3.331073"
HL/PO/JO/10/1/83/10,"51.014932, -3.485231"
HL/PO/JO/10/1/83/14,"50.883986, -3.377679"
HL/PO/JO/10/1/83/15,"50.842646, -3.502703"
HL/PO/JO/10/1/83/23,"50.791926, -3.510967"
HL/PO/JO/10/1/83/24,"50.809121, -3.30334"
HL/PO/JO/10/1/83/25,"50.82426, -3.340335"
HL/PO/JO/10/1/83/26,"53.218569, -1.742737"
HL/PO/JO/10/1/83/33,"50.912706, -3.197501"
HL/PO/JO/10/1/83/35,"50.860309, -3.221817"
HL/PO/JO/10/1/83/38,"50.96743, -3.437063"
HL/PO/JO/10/1/83/44,"50.896273, -4.309805"
HL/PO/JO/10/1/82/91,"54.745522, -2.973261"
HL/PO/JO/10/1/82/97,"53.887398, -2.793048"
HL/PO/JO/10/1/82/99,"54.68452, -2.669182"
HL/PO/JO/10/1/82/101,"54.183262, -1.475802"
HL/PO/JO/10/1/82/102,"52.029946, 0.809648"
HL/PO/JO/10/1/82/103,"54.731688, -2.538336"
HL/PO/JO/10/1/82/106,"54.718069, -2.71575"
HL/PO/JO/10/1/82/107,"54.749106, -2.893443"
HL/PO/JO/10/1/83/7,"51.002903, -3.39893"
HL/PO/JO/10/1/83/9,"50.964213, -3.331073"
HL/PO/JO/10/1/83/10,"51.014932, -3.485231"
HL/PO/JO/10/1/83/14,"50.883986, -3.377679"
HL/PO/JO/10/1/83/15,"50.842646, -3.502703"
HL/PO/JO/10/1/83/23,"50.791926, -3.510967"
HL/PO/JO/10/1/83/24,"50.809121, -3.30334"
HL/PO/JO/10/1/83/25,"50.82426, -3.340335"
HL/PO/JO/10/1/83/26,"53.218569, -1.742737"
HL/PO/JO/10/1/83/33,"50.912706, -3.197501"
HL/PO/JO/10/1/83/35,"50.860309, -3.221817"
HL/PO/JO/10/1/83/38,"50.96743, -3.437063"
HL/PO/JO/10/1/83/44,"50.896273, -4.309805"
 Hundred - Putford,"50.929869, -4.314482"
HL/PO/JO/10/1/84/25,"50.844151, -4.157468"
HL/PO/JO/10/1/84/27,"50.991312, -4.399667"
HL/PO/JO/10/1/84/28,"50.976005, -4.485822"
HL/PO/JO/10/1/84/33,"51.079073, -4.045984"
HL/PO/JO/10/1/84/35,"51.131699, -3.91892"
HL/PO/JO/10/1/84/38,"50.973487, -3.184352"
HL/PO/JO/10/1/84/39,"51.202652, -4.005804"
HL/PO/JO/10/1/84/40,"51.155273, -4.01962"
HL/PO/JO/10/1/84/41,"51.159464, -4.122309"
HL/PO/JO/10/1/84/42,"51.039551, -3.895457"
HL/PO/JO/10/1/84/44,"51.092922, -3.989389"
HL/PO/JO/10/1/84/45,"51.092507, -4.142166"
HL/PO/JO/10/1/84/47,"51.177969, -3.961966"
HL/PO/JO/10/1/84/48,"54.577793, -1.939064"
HL/PO/JO/10/1/84/50,"51.167172, -2.582754"
HL/PO/JO/10/1/84/51,"51.207735, -3.959372"
HL/PO/JO/10/1/84/52,"50.848682, -3.592714"
HL/PO/JO/10/1/84/53,"50.866584, -3.63612"
HL/PO/JO/10/1/84/55,"50.849882, -3.646665"
HL/PO/JO/10/1/84/56,"50.823051, -3.587545"
HL/PO/JO/10/1/84/66,"50.765826, -3.589194"
HL/PO/JO/10/1/84/75,"50.3746, -3.611476"
HL/PO/JO/10/1/84/80,"50.30598, -3.757358"
HL/PO/JO/10/1/84/81,"50.268068, -3.747276"
HL/PO/JO/10/1/84/85,"50.226605, -3.745094"
HL/PO/JO/10/1/84/25,"50.844151, -4.157468"
HL/PO/JO/10/1/84/27,"50.991312, -4.399667"
HL/PO/JO/10/1/84/28,"50.976005, -4.485822"
HL/PO/JO/10/1/84/33,"51.079073, -4.045984"
HL/PO/JO/10/1/84/35,"51.131699, -3.91892"
HL/PO/JO/10/1/84/38,"50.973487, -3.184352"
HL/PO/JO/10/1/84/39,"51.202652, -4.005804"
HL/PO/JO/10/1/84/40,"51.155273, -4.01962"
HL/PO/JO/10/1/84/41,"51.159464, -4.122309"
HL/PO/JO/10/1/84/42,"51.039551, -3.895457"
HL/PO/JO/10/1/84/44,"51.092922, -3.989389"
HL/PO/JO/10/1/84/45,"51.092507, -4.142166"
HL/PO/JO/10/1/84/47,"51.177969, -3.961966"
HL/PO/JO/10/1/84/48,"54.577793, -1.939064"
HL/PO/JO/10/1/84/50,"51.167172, -2.582754"
HL/PO/JO/10/1/84/51,"51.207735, -3.959372"
HL/PO/JO/10/1/84/52,"50.848682, -3.592714"
HL/PO/JO/10/1/84/53,"50.866584, -3.63612"
HL/PO/JO/10/1/84/55,"50.849882, -3.646665"
HL/PO/JO/10/1/84/56,"50.823051, -3.587545"
HL/PO/JO/10/1/84/66,"50.765826, -3.589194"
HL/PO/JO/10/1/84/75,"50.3746, -3.611476"
HL/PO/JO/10/1/84/80,"50.30598, -3.757358"
HL/PO/JO/10/1/84/81,"50.268068, -3.747276"
HL/PO/JO/10/1/84/85,"50.226605, -3.745094"
HL/PO/JO/10/1/85/59,"51.341232, -2.209034"
HL/PO/JO/10/1/85/60,"50.408175, -3.612091"
HL/PO/JO/10/1/85/64,"54.633041, -1.924912"
HL/PO/JO/10/1/85/68,"50.388598, -3.812679"
HL/PO/JO/10/1/85/70,"50.446269, -3.766993"
HL/PO/JO/10/1/86/2,"50.636803, -3.808665"
HL/PO/JO/10/1/86/6,"50.582687, -3.574994"
HL/PO/JO/10/1/86/7,"50.565377, -3.714368"
HL/PO/JO/10/1/86/9,"50.623108, -3.730914"
HL/PO/JO/10/1/86/10,"50.603363, -3.767966"
HL/PO/JO/10/1/86/13,"50.59896, -3.524512"
HL/PO/JO/10/1/86/28,"50.468542, -3.820899"
HL/PO/JO/10/1/86/29,"50.520831, -3.862132"
HL/PO/JO/10/1/86/34,"50.724457, -3.798725"
HL/PO/JO/10/1/85/59,"51.341232, -2.209034"
HL/PO/JO/10/1/85/60,"50.408175, -3.612091"
HL/PO/JO/10/1/85/64,"54.633041, -1.924912"
HL/PO/JO/10/1/85/68,"50.388598, -3.812679"
HL/PO/JO/10/1/85/70,"50.446269, -3.766993"
HL/PO/JO/10/1/86/2,"50.636803, -3.808665"
HL/PO/JO/10/1/86/6,"50.582687, -3.574994"
HL/PO/JO/10/1/86/7,"50.565377, -3.714368"
HL/PO/JO/10/1/86/9,"50.623108, -3.730914"
HL/PO/JO/10/1/86/10,"50.603363, -3.767966"
HL/PO/JO/10/1/86/13,"50.59896, -3.524512"
HL/PO/JO/10/1/86/28,"50.468542, -3.820899"
HL/PO/JO/10/1/86/29,"50.520831, -3.862132"
HL/PO/JO/10/1/86/34,"50.724457, -3.798725"
HL/PO/JO/10/1/87/2,"50.842646, -3.502703"
HL/PO/JO/10/1/87/5,"50.479539, -4.058798"
HL/PO/JO/10/1/87/8,"50.53287, -4.072984"
HL/PO/JO/10/1/87/13,"52.124908, -1.678419"
HL/PO/JO/10/1/87/14,"50.855886, 0.199926"
HL/PO/JO/10/1/87/15,"51.199282, -3.769628"
HL/PO/JO/10/1/87/18,"51.230294, -3.761846"
HL/PO/JO/10/1/87/21,"51.126132, -3.967941"
HL/PO/JO/10/1/87/22,"51.214141, -3.907281"
HL/PO/JO/10/1/87/23,"51.193254, -3.909164"
HL/PO/JO/10/1/87/25,"51.100143, -3.943655"
HL/PO/JO/10/1/87/32,"50.989908, -4.011866"
HL/PO/JO/10/1/87/34,"51.333516, -2.752859"
HL/PO/JO/10/1/87/38,"50.827888, -3.788195"
HL/PO/JO/10/1/87/39,"50.963872, -4.004161"
HL/PO/JO/10/1/87/45,"50.819925, -3.832094"
HL/PO/JO/10/1/87/46,"51.024058, -3.629093"
HL/PO/JO/10/1/87/47,"51.038455, -3.647171"
HL/PO/JO/10/1/87/50,"50.992896, -3.668955"
HL/PO/JO/10/1/87/51,"51.065291, -4.01003"
HL/PO/JO/10/1/87/52,"51.045419, -3.698122"
HL/PO/JO/10/1/87/58,"51.059208, -3.747359"
HL/PO/JO/10/1/87/2,"50.842646, -3.502703"
HL/PO/JO/10/1/87/5,"50.479539, -4.058798"
HL/PO/JO/10/1/87/8,"50.53287, -4.072984"
HL/PO/JO/10/1/87/13,"52.124908, -1.678419"
HL/PO/JO/10/1/87/14,"50.855886, 0.199926"
HL/PO/JO/10/1/87/15,"51.199282, -3.769628"
HL/PO/JO/10/1/87/18,"51.230294, -3.761846"
HL/PO/JO/10/1/87/21,"51.126132, -3.967941"
HL/PO/JO/10/1/87/22,"51.214141, -3.907281"
HL/PO/JO/10/1/87/23,"51.193254, -3.909164"
HL/PO/JO/10/1/87/25,"51.100143, -3.943655"
HL/PO/JO/10/1/87/32,"50.989908, -4.011866"
HL/PO/JO/10/1/87/34,"51.333516, -2.752859"
HL/PO/JO/10/1/87/38,"50.827888, -3.788195"
HL/PO/JO/10/1/87/39,"50.963872, -4.004161"
HL/PO/JO/10/1/87/45,"50.819925, -3.832094"
HL/PO/JO/10/1/87/46,"51.024058, -3.629093"
HL/PO/JO/10/1/87/47,"51.038455, -3.647171"
HL/PO/JO/10/1/87/50,"50.992896, -3.668955"
HL/PO/JO/10/1/87/51,"51.065291, -4.01003"
HL/PO/JO/10/1/87/52,"51.045419, -3.698122"
HL/PO/JO/10/1/87/58,"51.059208, -3.747359"
HL/PO/JO/10/1/88/40,"50.639655, -2.208322"
HL/PO/JO/10/1/88/41,"50.686435, -2.189044"
HL/PO/JO/10/1/88/42,"50.700642, -2.291755"
HL/PO/JO/10/1/88/43,"50.655416, -2.366828"
HL/PO/JO/10/1/88/45,"50.674867, -2.355415"
HL/PO/JO/10/1/88/47,"50.711059, -2.332592"
HL/PO/JO/10/1/88/51,"53.340727, -1.78685"
HL/PO/JO/10/1/88/53,"50.923448, -2.453772"
HL/PO/JO/10/1/88/54,"50.953079, -2.437276"
HL/PO/JO/10/1/88/55,"50.951162, -2.566073"
HL/PO/JO/10/1/88/56,"50.95245, -2.587189"
HL/PO/JO/10/1/88/58,"50.938771, -2.468325"
HL/PO/JO/10/1/88/59,"50.885437, -2.492541"
HL/PO/JO/10/1/88/60,"50.914241, -2.508078"
HL/PO/JO/10/1/88/61,"50.910352, -2.376996"
HL/PO/JO/10/1/88/62,"51.172373, -2.647077"
HL/PO/JO/10/1/88/63,"50.966521, -2.491894"
HL/PO/JO/10/1/88/65,"50.902195, -2.532146"
HL/PO/JO/10/1/88/67,"50.784152, -2.471619"
HL/PO/JO/10/1/88/68,"51.151844, -2.449943"
HL/PO/JO/10/1/88/70,"51.200512, -0.257679"
HL/PO/JO/10/1/88/71,"50.848052, -2.571259"
HL/PO/JO/10/1/88/76,"50.860605, -2.380006"
HL/PO/JO/10/1/88/78,"50.875374, -2.409918"
HL/PO/JO/10/1/88/82,"50.870185, -2.300123"
HL/PO/JO/10/1/88/84,"50.820758, -2.272168"
HL/PO/JO/10/1/88/85,"50.857842, -2.345927"
HL/PO/JO/10/1/88/88,"50.809951, -2.400724"
HL/PO/JO/10/1/88/89,"50.825695, -2.432438"
HL/PO/JO/10/1/88/91,"50.807667, -2.479239"
HL/PO/JO/10/1/88/92,"50.970498, -2.183679"
HL/PO/JO/10/1/88/93,"50.773412, -2.49223"
HL/PO/JO/10/1/88/40,"50.639655, -2.208322"
HL/PO/JO/10/1/88/41,"50.686435, -2.189044"
HL/PO/JO/10/1/88/42,"50.700642, -2.291755"
HL/PO/JO/10/1/88/43,"50.655416, -2.366828"
HL/PO/JO/10/1/88/45,"50.674867, -2.355415"
HL/PO/JO/10/1/88/47,"50.711059, -2.332592"
HL/PO/JO/10/1/88/51,"53.340727, -1.78685"
HL/PO/JO/10/1/88/53,"50.923448, -2.453772"
HL/PO/JO/10/1/88/54,"50.953079, -2.437276"
HL/PO/JO/10/1/88/55,"50.951162, -2.566073"
HL/PO/JO/10/1/88/56,"50.95245, -2.587189"
HL/PO/JO/10/1/88/58,"50.938771, -2.468325"
HL/PO/JO/10/1/88/59,"50.885437, -2.492541"
HL/PO/JO/10/1/88/60,"50.914241, -2.508078"
HL/PO/JO/10/1/88/61,"50.910352, -2.376996"
HL/PO/JO/10/1/88/62,"51.172373, -2.647077"
HL/PO/JO/10/1/88/63,"50.966521, -2.491894"
HL/PO/JO/10/1/88/65,"50.902195, -2.532146"
HL/PO/JO/10/1/88/67,"50.784152, -2.471619"
HL/PO/JO/10/1/88/68,"51.151844, -2.449943"
HL/PO/JO/10/1/88/70,"51.200512, -0.257679"
HL/PO/JO/10/1/88/71,"50.848052, -2.571259"
HL/PO/JO/10/1/88/76,"50.860605, -2.380006"
HL/PO/JO/10/1/88/78,"50.875374, -2.409918"
HL/PO/JO/10/1/88/82,"50.870185, -2.300123"
HL/PO/JO/10/1/88/84,"50.820758, -2.272168"
HL/PO/JO/10/1/88/85,"50.857842, -2.345927"
HL/PO/JO/10/1/88/88,"50.809951, -2.400724"
HL/PO/JO/10/1/88/89,"50.825695, -2.432438"
HL/PO/JO/10/1/88/91,"50.807667, -2.479239"
HL/PO/JO/10/1/88/92,"50.970498, -2.183679"
HL/PO/JO/10/1/88/93,"50.773412, -2.49223"
HL/PO/JO/10/1/89/37,"50.714426, -2.560358"
HL/PO/JO/10/1/89/41,"50.768659, -2.029773"
HL/PO/JO/10/1/89/43,"50.807888, -0.463742"
HL/PO/JO/10/1/89/47,"50.925007, -2.077718"
HL/PO/JO/10/1/89/51,"50.762745, -2.132501"
HL/PO/JO/10/1/89/54,"50.911367, -1.991643"
HL/PO/JO/10/1/89/55,"50.879917, -1.937293"
HL/PO/JO/10/1/89/57,"51.031412, -2.219525"
HL/PO/JO/10/1/89/58,"50.8664, -1.982478"
HL/PO/JO/10/1/89/61,"50.916242, -2.025358"
HL/PO/JO/10/1/89/62,"50.848664, -1.99276"
HL/PO/JO/10/1/89/63,"50.839775, -1.998204"
HL/PO/JO/10/1/89/64,"50.930469, -2.95781"
HL/PO/JO/10/1/89/65,"51.152131, -2.823487"
HL/PO/JO/10/1/89/67,"50.955575, -2.131541"
HL/PO/JO/10/1/89/73,"50.903325, -2.428058"
HL/PO/JO/10/1/89/74,"50.987431, -3.58416"
HL/PO/JO/10/1/89/75,"50.967848, -1.953349"
HL/PO/JO/10/1/89/76,"50.852846, -2.074277"
HL/PO/JO/10/1/89/77,"50.924116, -2.122721"
HL/PO/JO/10/1/89/79,"50.778768, -1.878471"
HL/PO/JO/10/1/89/82,"50.923006, -1.960665"
HL/PO/JO/10/1/89/84,"50.970498, -2.183679"
HL/PO/JO/10/1/89/85,"50.963031, -2.217909"
HL/PO/JO/10/1/89/86,"53.116809, -2.804424"
HL/PO/JO/10/1/89/87,"50.928986, -2.185084"
HL/PO/JO/10/1/89/88,"50.979242, -2.170189"
HL/PO/JO/10/1/89/37,"50.714426, -2.560358"
HL/PO/JO/10/1/89/41,"50.768659, -2.029773"
HL/PO/JO/10/1/89/43,"50.807888, -0.463742"
HL/PO/JO/10/1/89/47,"50.925007, -2.077718"
HL/PO/JO/10/1/89/51,"50.762745, -2.132501"
HL/PO/JO/10/1/89/54,"50.911367, -1.991643"
HL/PO/JO/10/1/89/55,"50.879917, -1.937293"
HL/PO/JO/10/1/89/57,"51.031412, -2.219525"
HL/PO/JO/10/1/89/58,"50.8664, -1.982478"
HL/PO/JO/10/1/89/61,"50.916242, -2.025358"
HL/PO/JO/10/1/89/62,"50.848664, -1.99276"
HL/PO/JO/10/1/89/63,"50.839775, -1.998204"
HL/PO/JO/10/1/89/64,"50.930469, -2.95781"
HL/PO/JO/10/1/89/65,"51.152131, -2.823487"
HL/PO/JO/10/1/89/67,"50.955575, -2.131541"
HL/PO/JO/10/1/89/73,"50.903325, -2.428058"
HL/PO/JO/10/1/89/74,"50.987431, -3.58416"
HL/PO/JO/10/1/89/75,"50.967848, -1.953349"
HL/PO/JO/10/1/89/76,"50.852846, -2.074277"
HL/PO/JO/10/1/89/77,"50.924116, -2.122721"
HL/PO/JO/10/1/89/79,"50.778768, -1.878471"
HL/PO/JO/10/1/89/82,"50.923006, -1.960665"
HL/PO/JO/10/1/89/84,"50.970498, -2.183679"
HL/PO/JO/10/1/89/85,"50.963031, -2.217909"
HL/PO/JO/10/1/89/86,"53.116809, -2.804424"
HL/PO/JO/10/1/89/87,"50.928986, -2.185084"
HL/PO/JO/10/1/89/88,"50.979242, -2.170189"
HL/PO/JO/10/1/90/8,"54.82295, -2.103801"
HL/PO/JO/10/1/90/11,"54.809825, -1.785111"
HL/PO/JO/10/1/90/14,"54.812499, -1.948409"
HL/PO/JO/10/1/90/15,"52.624494, -2.372683"
HL/PO/JO/10/1/90/21,"54.808726, -1.623697"
HL/PO/JO/10/1/90/25,"54.54313, -1.918233"
HL/PO/JO/10/1/90/27,"52.155157, 0.787042"
HL/PO/JO/10/1/90/32,"54.555825, -1.742442"
HL/PO/JO/10/1/90/33,"54.665185, -1.808267"
HL/PO/JO/10/1/90/34,"53.104671, -2.615096"
HL/PO/JO/10/1/90/39,"51.130063, 0.853363"
HL/PO/JO/10/1/90/41,"54.541073, -1.83849"
HL/PO/JO/10/1/90/42,"52.208377, 1.180338"
HL/PO/JO/10/1/90/46,"54.739783, -1.348492"
HL/PO/JO/10/1/90/54,"55.602828, -1.781013"
HL/PO/JO/10/1/90/56,"54.717488, -1.4634"
HL/PO/JO/10/1/90/58,"54.790499, -1.492531"
HL/PO/JO/10/1/90/63,"54.70062, -1.424607"
HL/PO/JO/10/1/90/66,"54.58323, -1.432938"
HL/PO/JO/10/1/90/67,"54.500983, -1.478927"
HL/PO/JO/10/1/90/69,"53.270748, -2.812218"
HL/PO/JO/10/1/90/70,"54.664697, -1.318469"
HL/PO/JO/10/1/90/71,"51.069415, -0.90045"
HL/PO/JO/10/1/90/72,"54.590708, -1.478886"
HL/PO/JO/10/1/90/8,"54.82295, -2.103801"
HL/PO/JO/10/1/90/11,"54.809825, -1.785111"
HL/PO/JO/10/1/90/14,"54.812499, -1.948409"
HL/PO/JO/10/1/90/15,"52.624494, -2.372683"
HL/PO/JO/10/1/90/21,"54.808726, -1.623697"
HL/PO/JO/10/1/90/25,"54.54313, -1.918233"
HL/PO/JO/10/1/90/27,"52.155157, 0.787042"
HL/PO/JO/10/1/90/32,"54.555825, -1.742442"
HL/PO/JO/10/1/90/33,"54.665185, -1.808267"
HL/PO/JO/10/1/90/34,"53.104671, -2.615096"
HL/PO/JO/10/1/90/39,"51.130063, 0.853363"
HL/PO/JO/10/1/90/41,"54.541073, -1.83849"
HL/PO/JO/10/1/90/42,"52.208377, 1.180338"
HL/PO/JO/10/1/90/46,"54.739783, -1.348492"
HL/PO/JO/10/1/90/54,"55.602828, -1.781013"
HL/PO/JO/10/1/90/56,"54.717488, -1.4634"
HL/PO/JO/10/1/90/58,"54.790499, -1.492531"
HL/PO/JO/10/1/90/63,"54.70062, -1.424607"
HL/PO/JO/10/1/90/66,"54.58323, -1.432938"
HL/PO/JO/10/1/90/67,"54.500983, -1.478927"
HL/PO/JO/10/1/90/69,"53.270748, -2.812218"
HL/PO/JO/10/1/90/70,"54.664697, -1.318469"
HL/PO/JO/10/1/90/71,"51.069415, -0.90045"
HL/PO/JO/10/1/90/72,"54.590708, -1.478886"
HL/PO/JO/10/1/91/56,"53.243698, -2.547516"
HL/PO/JO/10/1/91/57,"52.332061, -0.037603"
HL/PO/JO/10/1/91/60,"52.476768, -0.104698"
HL/PO/JO/10/1/91/63,"52.386116, -0.188694"
HL/PO/JO/10/1/91/70,"52.414662, -0.121341"
HL/PO/JO/10/1/91/73,"52.121578, 1.116459"
HL/PO/JO/10/1/91/80,"52.328184, -0.446911"
HL/PO/JO/10/1/91/81,"52.183266, 1.336751"
HL/PO/JO/10/1/91/82,"53.473458, -1.187739"
HL/PO/JO/10/1/91/86,"50.957536, -0.688663"
HL/PO/JO/10/1/91/89,"52.303437, -0.381079"
HL/PO/JO/10/1/91/90,"53.116617, -2.478022"
HL/PO/JO/10/1/91/94,"53.32434, -0.676043"
HL/PO/JO/10/1/91/95,"52.280077, -0.452233"
HL/PO/JO/10/1/91/97,"53.610409, -1.523984"
HL/PO/JO/10/1/91/100,"52.550005, -1.478418"
HL/PO/JO/10/1/91/102,"52.279377, -0.051164"
HL/PO/JO/10/1/91/104,"53.270748, -2.812218"
HL/PO/JO/10/1/91/108,"52.463372, -0.31784"
HL/PO/JO/10/1/91/109,"52.523973, -0.327112"
HL/PO/JO/10/1/91/110,"54.206582, -2.717018"
HL/PO/JO/10/1/91/56,"53.243698, -2.547516"
HL/PO/JO/10/1/91/57,"52.332061, -0.037603"
HL/PO/JO/10/1/91/60,"52.476768, -0.104698"
HL/PO/JO/10/1/91/63,"52.386116, -0.188694"
HL/PO/JO/10/1/91/70,"52.414662, -0.121341"
HL/PO/JO/10/1/91/73,"52.121578, 1.116459"
HL/PO/JO/10/1/91/80,"52.328184, -0.446911"
HL/PO/JO/10/1/91/81,"52.183266, 1.336751"
HL/PO/JO/10/1/91/82,"53.473458, -1.187739"
HL/PO/JO/10/1/91/86,"50.957536, -0.688663"
HL/PO/JO/10/1/91/89,"52.303437, -0.381079"
HL/PO/JO/10/1/91/90,"53.116617, -2.478022"
HL/PO/JO/10/1/91/94,"53.32434, -0.676043"
HL/PO/JO/10/1/91/95,"52.280077, -0.452233"
HL/PO/JO/10/1/91/97,"53.610409, -1.523984"
HL/PO/JO/10/1/91/100,"52.550005, -1.478418"
HL/PO/JO/10/1/91/102,"52.279377, -0.051164"
HL/PO/JO/10/1/91/104,"53.270748, -2.812218"
HL/PO/JO/10/1/91/108,"52.463372, -0.31784"
HL/PO/JO/10/1/91/109,"52.523973, -0.327112"
HL/PO/JO/10/1/91/110,"54.206582, -2.717018"
HL/PO/JO/10/1/92/45,"52.121578, 1.116459"
HL/PO/JO/10/1/92/47,"50.807888, -0.463742"
HL/PO/JO/10/1/92/53,"51.706071, 0.832556"
HL/PO/JO/10/1/92/54,"51.362842, 1.249944"
HL/PO/JO/10/1/92/67,"50.991787, -2.743461"
HL/PO/JO/10/1/92/68,"51.246207, 1.240281"
HL/PO/JO/10/1/92/69,"51.215873, 1.24246"
HL/PO/JO/10/1/92/70,"51.270612, 1.220069"
HL/PO/JO/10/1/92/72,"50.987026, 0.951107"
HL/PO/JO/10/1/92/75,"51.260514, 0.106478"
HL/PO/JO/10/1/92/77,"51.329241, 0.137847"
HL/PO/JO/10/1/92/79,"51.310897, 0.186392"
HL/PO/JO/10/1/92/85,"51.155653, 0.09376"
HL/PO/JO/10/1/92/88,"51.161334, 0.176852"
HL/PO/JO/10/1/92/45,"52.121578, 1.116459"
HL/PO/JO/10/1/92/47,"50.807888, -0.463742"
HL/PO/JO/10/1/92/53,"51.706071, 0.832556"
HL/PO/JO/10/1/92/54,"51.362842, 1.249944"
HL/PO/JO/10/1/92/67,"50.991787, -2.743461"
HL/PO/JO/10/1/92/68,"51.246207, 1.240281"
HL/PO/JO/10/1/92/69,"51.215873, 1.24246"
HL/PO/JO/10/1/92/70,"51.270612, 1.220069"
HL/PO/JO/10/1/92/72,"50.987026, 0.951107"
HL/PO/JO/10/1/92/75,"51.260514, 0.106478"
HL/PO/JO/10/1/92/77,"51.329241, 0.137847"
HL/PO/JO/10/1/92/79,"51.310897, 0.186392"
HL/PO/JO/10/1/92/85,"51.155653, 0.09376"
HL/PO/JO/10/1/92/88,"51.161334, 0.176852"
HL/PO/JO/10/1/94/22,"53.765576, -2.25063"
HL/PO/JO/10/1/94/27,"53.864264, -2.342896"
HL/PO/JO/10/1/94/33,"53.850101, -2.375136"
HL/PO/JO/10/1/94/35,"53.819406, -2.248443"
HL/PO/JO/10/1/94/36,"53.81053, -2.334701"
HL/PO/JO/10/1/94/37,"53.835511, -2.382774"
HL/PO/JO/10/1/94/39,"53.877909, -2.342605"
HL/PO/JO/10/1/94/46,"53.633351, -2.772667"
HL/PO/JO/10/1/94/49,"51.125902, -2.774181"
HL/PO/JO/10/1/94/50,"53.853875, -2.908703"
HL/PO/JO/10/1/94/51,"53.629395, -2.716868"
HL/PO/JO/10/1/94/57,"53.71111, -2.663899"
HL/PO/JO/10/1/94/65,"53.723647, -2.782091"
HL/PO/JO/10/1/94/67,"53.319611, -2.125098"
HL/PO/JO/10/1/94/68,"53.611234, -2.579066"
HL/PO/JO/10/1/94/70,"53.635185, -2.594158"
HL/PO/JO/10/1/94/71,"53.634723, -2.68068"
HL/PO/JO/10/1/94/73,"50.917072, -4.199006"
HL/PO/JO/10/1/94/22,"53.765576, -2.25063"
HL/PO/JO/10/1/94/27,"53.864264, -2.342896"
HL/PO/JO/10/1/94/33,"53.850101, -2.375136"
HL/PO/JO/10/1/94/35,"53.819406, -2.248443"
HL/PO/JO/10/1/94/36,"53.81053, -2.334701"
HL/PO/JO/10/1/94/37,"53.835511, -2.382774"
HL/PO/JO/10/1/94/39,"53.877909, -2.342605"
HL/PO/JO/10/1/94/46,"53.633351, -2.772667"
HL/PO/JO/10/1/94/49,"51.125902, -2.774181"
HL/PO/JO/10/1/94/50,"53.853875, -2.908703"
HL/PO/JO/10/1/94/51,"53.629395, -2.716868"
HL/PO/JO/10/1/94/57,"53.71111, -2.663899"
HL/PO/JO/10/1/94/65,"53.723647, -2.782091"
HL/PO/JO/10/1/94/67,"53.319611, -2.125098"
HL/PO/JO/10/1/94/68,"53.611234, -2.579066"
HL/PO/JO/10/1/94/70,"53.635185, -2.594158"
HL/PO/JO/10/1/94/71,"53.634723, -2.68068"
HL/PO/JO/10/1/94/73,"50.917072, -4.199006"
HL/PO/JO/10/1/95/57,"51.029721, -4.172228"
HL/PO/JO/10/1/95/63,"53.443815, -2.537317"
HL/PO/JO/10/1/95/69,"52.57415, -1.736616"
HL/PO/JO/10/1/95/70,"52.029946, 0.809648"
HL/PO/JO/10/1/96/7,"53.219215, -2.518504"
HL/PO/JO/10/1/96/9,"52.736457, 0.051278"
HL/PO/JO/10/1/96/12,"52.740729, 0.126052"
HL/PO/JO/10/1/96/13,"53.06414, -2.391619"
HL/PO/JO/10/1/96/14,"52.766514, -0.034332"
HL/PO/JO/10/1/96/16,"52.889231, -0.070041"
HL/PO/JO/10/1/96/17,"52.931094, -0.206573"
HL/PO/JO/10/1/96/19,"52.906588, -0.203253"
HL/PO/JO/10/1/96/20,"52.882864, -0.034143"
HL/PO/JO/10/1/96/21,"50.74326, -2.538137"
HL/PO/JO/10/1/96/23,"52.015359, 1.320337"
HL/PO/JO/10/1/96/24,"52.88079, -0.218638"
HL/PO/JO/10/1/96/25,"52.895409, -0.096947"
HL/PO/JO/10/1/96/30,"52.992774, 0.056513"
HL/PO/JO/10/1/96/34,"53.042105, 0.144784"
HL/PO/JO/10/1/96/36,"50.745755, -2.76678"
HL/PO/JO/10/1/96/37,"52.922665, -0.695987"
HL/PO/JO/10/1/96/39,"52.077768, -1.592321"
HL/PO/JO/10/1/96/42,"53.54329, -0.400532"
HL/PO/JO/10/1/95/63,"53.443815, -2.537317"
HL/PO/JO/10/1/95/69,"52.57415, -1.736616"
HL/PO/JO/10/1/95/70,"52.029946, 0.809648"
HL/PO/JO/10/1/96/7,"53.219215, -2.518504"
HL/PO/JO/10/1/96/9,"52.736457, 0.051278"
HL/PO/JO/10/1/96/12,"52.740729, 0.126052"
HL/PO/JO/10/1/96/13,"53.06414, -2.391619"
HL/PO/JO/10/1/96/14,"52.766514, -0.034332"
HL/PO/JO/10/1/96/16,"52.889231, -0.070041"
HL/PO/JO/10/1/96/17,"52.931094, -0.206573"
HL/PO/JO/10/1/96/19,"52.906588, -0.203253"
HL/PO/JO/10/1/96/20,"52.882864, -0.034143"
HL/PO/JO/10/1/96/21,"50.74326, -2.538137"
HL/PO/JO/10/1/96/23,"52.015359, 1.320337"
HL/PO/JO/10/1/96/24,"52.88079, -0.218638"
HL/PO/JO/10/1/96/25,"52.895409, -0.096947"
HL/PO/JO/10/1/96/30,"52.992774, 0.056513"
HL/PO/JO/10/1/96/34,"53.042105, 0.144784"
HL/PO/JO/10/1/96/36,"50.745755, -2.76678"
HL/PO/JO/10/1/96/37,"52.922665, -0.695987"
HL/PO/JO/10/1/96/39,"52.077768, -1.592321"
HL/PO/JO/10/1/96/42,"53.54329, -0.400532"
HL/PO/JO/10/1/96/109,"52.654959, 0.334581"
HL/PO/JO/10/1/96/120,"53.438402, -0.59389"
HL/PO/JO/10/1/96/123,"51.698304, -2.032205"
HL/PO/JO/10/1/96/124,"53.336698, -0.464535"
HL/PO/JO/10/1/96/125,"53.361683, -0.594137"
HL/PO/JO/10/1/96/126,"53.40417, -0.492174"
HL/PO/JO/10/1/96/127,"53.379518, -0.592779"
HL/PO/JO/10/1/96/128,"53.32509, -0.509193"
HL/PO/JO/10/1/96/129,"53.392209, -0.610181"
HL/PO/JO/10/1/96/131,"52.31983, 0.717422"
HL/PO/JO/10/1/96/133,"53.371093, -0.513473"
HL/PO/JO/10/1/96/134,"53.363909, -0.492999"
HL/PO/JO/10/1/96/135,"53.437665, -0.513723"
HL/PO/JO/10/1/96/137,"53.422147, -0.595335"
HL/PO/JO/10/1/96/140,"53.512392, -0.136805"
HL/PO/JO/10/1/96/141,"53.501173, -0.181177"
HL/PO/JO/10/1/96/142,"53.008899, -2.732566"
HL/PO/JO/10/1/96/144,"53.506551, -0.27809"
HL/PO/JO/10/1/96/146,"53.58099, -0.109825"
HL/PO/JO/10/1/96/147,"52.664639, -2.523368"
HL/PO/JO/10/1/96/151,"53.473813, -0.079633"
HL/PO/JO/10/1/96/153,"53.453092, -0.094911"
HL/PO/JO/10/1/96/154,"53.583084, -0.148963"
HL/PO/JO/10/1/96/155,"51.040132, -2.431761"
HL/PO/JO/10/1/96/156,"53.527984, -0.015903"
HL/PO/JO/10/1/96/157,"53.520501, -0.184404"
HL/PO/JO/10/1/96/158,"53.538282, -0.167041"
HL/PO/JO/10/1/96/159,"53.452954, -0.131348"
HL/PO/JO/10/1/96/109,"52.654959, 0.334581"
HL/PO/JO/10/1/96/120,"53.438402, -0.59389"
HL/PO/JO/10/1/96/123,"51.698304, -2.032205"
HL/PO/JO/10/1/96/124,"53.336698, -0.464535"
HL/PO/JO/10/1/96/125,"53.361683, -0.594137"
HL/PO/JO/10/1/96/126,"53.40417, -0.492174"
HL/PO/JO/10/1/96/127,"53.379518, -0.592779"
HL/PO/JO/10/1/96/128,"53.32509, -0.509193"
HL/PO/JO/10/1/96/129,"53.392209, -0.610181"
HL/PO/JO/10/1/96/131,"52.31983, 0.717422"
HL/PO/JO/10/1/96/133,"53.371093, -0.513473"
HL/PO/JO/10/1/96/134,"53.363909, -0.492999"
HL/PO/JO/10/1/96/135,"53.437665, -0.513723"
HL/PO/JO/10/1/96/137,"53.422147, -0.595335"
HL/PO/JO/10/1/96/140,"53.512392, -0.136805"
HL/PO/JO/10/1/96/141,"53.501173, -0.181177"
HL/PO/JO/10/1/96/142,"53.008899, -2.732566"
HL/PO/JO/10/1/96/144,"53.506551, -0.27809"
HL/PO/JO/10/1/96/146,"53.58099, -0.109825"
HL/PO/JO/10/1/96/147,"52.664639, -2.523368"
HL/PO/JO/10/1/96/151,"53.473813, -0.079633"
HL/PO/JO/10/1/96/153,"53.453092, -0.094911"
HL/PO/JO/10/1/96/154,"53.583084, -0.148963"
HL/PO/JO/10/1/96/155,"51.040132, -2.431761"
HL/PO/JO/10/1/96/156,"53.527984, -0.015903"
HL/PO/JO/10/1/96/157,"53.520501, -0.184404"
HL/PO/JO/10/1/96/158,"53.538282, -0.167041"
HL/PO/JO/10/1/96/159,"53.452954, -0.131348"
HL/PO/JO/10/1/97/49,"53.43846, -0.332239"
HL/PO/JO/10/1/97/51,"53.211926, 0.295903"
HL/PO/JO/10/1/97/54,"53.238641, 0.294065"
HL/PO/JO/10/1/97/56,"53.3645, 0.223114"
HL/PO/JO/10/1/97/59,"53.212898, 0.060749"
HL/PO/JO/10/1/97/64,"52.722175, -0.612542"
HL/PO/JO/10/1/97/66,"53.182346, -0.043996"
HL/PO/JO/10/1/97/69,"53.259444, 0.043677"
HL/PO/JO/10/1/97/79,"53.43846, -0.332239"
HL/PO/JO/10/1/97/85,"53.362206, -0.334338"
HL/PO/JO/10/1/97/89,"53.389597, -0.364786"
HL/PO/JO/10/1/97/90,"53.387096, -0.421261"
HL/PO/JO/10/1/97/93,"53.46329, -0.23866"
HL/PO/JO/10/1/97/94,"53.465337, -0.178101"
HL/PO/JO/10/1/97/96,"53.279316, -2.368862"
HL/PO/JO/10/1/97/98,"53.421279, -0.276533"
HL/PO/JO/10/1/97/99,"53.381601, -0.252186"
HL/PO/JO/10/1/97/102,"53.338493, -0.733172"
HL/PO/JO/10/1/97/49,"53.43846, -0.332239"
HL/PO/JO/10/1/97/51,"53.211926, 0.295903"
HL/PO/JO/10/1/97/54,"53.238641, 0.294065"
HL/PO/JO/10/1/97/56,"53.3645, 0.223114"
HL/PO/JO/10/1/97/59,"53.212898, 0.060749"
HL/PO/JO/10/1/97/64,"52.722175, -0.612542"
HL/PO/JO/10/1/97/66,"53.182346, -0.043996"
HL/PO/JO/10/1/97/69,"53.259444, 0.043677"
HL/PO/JO/10/1/97/79,"53.43846, -0.332239"
HL/PO/JO/10/1/97/85,"53.362206, -0.334338"
HL/PO/JO/10/1/97/89,"53.389597, -0.364786"
HL/PO/JO/10/1/97/90,"53.387096, -0.421261"
HL/PO/JO/10/1/97/93,"53.46329, -0.23866"
HL/PO/JO/10/1/97/94,"53.465337, -0.178101"
HL/PO/JO/10/1/97/96,"53.279316, -2.368862"
HL/PO/JO/10/1/97/98,"53.421279, -0.276533"
HL/PO/JO/10/1/97/99,"53.381601, -0.252186"
HL/PO/JO/10/1/97/102,"53.338493, -0.733172"
HL/PO/JO/10/1/98/27,"53.562252, -0.807383"
HL/PO/JO/10/1/98/29,"52.050671, -0.686823"
HL/PO/JO/10/1/98/31,"53.533634, -0.760045"
HL/PO/JO/10/1/98/34,"53.613606, -0.684048"
HL/PO/JO/10/1/98/36,"53.675276, -0.62985"
HL/PO/JO/10/1/98/38,"53.510433, -0.539813"
HL/PO/JO/10/1/98/40,"53.514873, -0.601644"
HL/PO/JO/10/1/98/41,"53.530346, -0.671483"
HL/PO/JO/10/1/98/42,"53.593845, -1.152453"
HL/PO/JO/10/1/98/44,"52.271732, 0.633834"
HL/PO/JO/10/1/98/45,"54.519207, -0.834996"
HL/PO/JO/10/1/98/49,"52.355349, -2.632429"
HL/PO/JO/10/1/98/50,"54.139108, -0.627491"
HL/PO/JO/10/1/98/51,"53.661102, -0.580372"
HL/PO/JO/10/1/98/59,"52.015359, 1.320337"
HL/PO/JO/10/1/98/60,"50.895422, 0.136045"
HL/PO/JO/10/1/98/61,"53.034778, -2.429342"
HL/PO/JO/10/1/98/27,"53.562252, -0.807383"
HL/PO/JO/10/1/98/29,"52.050671, -0.686823"
HL/PO/JO/10/1/98/31,"53.533634, -0.760045"
HL/PO/JO/10/1/98/34,"53.613606, -0.684048"
HL/PO/JO/10/1/98/36,"53.675276, -0.62985"
HL/PO/JO/10/1/98/38,"53.510433, -0.539813"
HL/PO/JO/10/1/98/40,"53.514873, -0.601644"
HL/PO/JO/10/1/98/41,"53.530346, -0.671483"
HL/PO/JO/10/1/98/42,"53.593845, -1.152453"
HL/PO/JO/10/1/98/44,"52.271732, 0.633834"
HL/PO/JO/10/1/98/45,"54.519207, -0.834996"
HL/PO/JO/10/1/98/49,"52.355349, -2.632429"
HL/PO/JO/10/1/98/50,"54.139108, -0.627491"
HL/PO/JO/10/1/98/51,"53.661102, -0.580372"
HL/PO/JO/10/1/98/59,"52.015359, 1.320337"
HL/PO/JO/10/1/98/60,"50.895422, 0.136045"
HL/PO/JO/10/1/98/61,"53.034778, -2.429342"
HL/PO/JO/10/1/100/4,"54.590851, -2.776478"
HL/PO/JO/10/1/100/5,"53.06768, -0.681533"
HL/PO/JO/10/1/100/7,"53.382654, -1.053639"
HL/PO/JO/10/1/100/9,"52.593747, 0.517344"
HL/PO/JO/10/1/100/10,"53.363232, -0.811682"
HL/PO/JO/10/1/100/11,"53.349371, -1.111747"
HL/PO/JO/10/1/100/15,"53.268353, -0.836645"
HL/PO/JO/10/1/100/18,"53.188538, -2.198246"
HL/PO/JO/10/1/100/20,"53.211186, -0.906674"
HL/PO/JO/10/1/100/22,"52.151616, -0.253202"
HL/PO/JO/10/1/100/24,"53.279395, -0.935368"
HL/PO/JO/10/1/100/28,"53.287012, -0.882647"
HL/PO/JO/10/1/100/30,"53.277835, -0.794269"
HL/PO/JO/10/1/100/32,"53.329099, -0.81769"
HL/PO/JO/10/1/100/33,"53.316869, -0.821774"
HL/PO/JO/10/1/100/36,"53.24035, -0.930087"
HL/PO/JO/10/1/100/37,"53.395447, -0.964836"
HL/PO/JO/10/1/100/38,"50.868857, -2.772076"
HL/PO/JO/10/1/100/40,"53.283896, -2.329634"
HL/PO/JO/10/1/100/42,"53.254352, -0.802622"
HL/PO/JO/10/1/100/43,"52.297027, 0.087277"
HL/PO/JO/10/1/100/45,"53.388472, -0.819607"
HL/PO/JO/10/1/100/54,"53.371558, -0.857029"
HL/PO/JO/10/1/100/55,"53.35497, -0.861458"
HL/PO/JO/10/1/100/57,"52.987559, -0.954374"
HL/PO/JO/10/1/100/58,"52.050671, -0.686823"
HL/PO/JO/10/1/100/59,"52.977032, -0.926096"
HL/PO/JO/10/1/100/62,"52.910383, -0.991496"
HL/PO/JO/10/1/100/63,"53.270748, -2.812218"
HL/PO/JO/10/1/100/4,"54.590851, -2.776478"
HL/PO/JO/10/1/100/5,"53.06768, -0.681533"
HL/PO/JO/10/1/100/7,"53.382654, -1.053639"
HL/PO/JO/10/1/100/9,"52.593747, 0.517344"
HL/PO/JO/10/1/100/10,"53.363232, -0.811682"
HL/PO/JO/10/1/100/11,"53.349371, -1.111747"
HL/PO/JO/10/1/100/15,"53.268353, -0.836645"
HL/PO/JO/10/1/100/18,"53.188538, -2.198246"
HL/PO/JO/10/1/100/20,"53.211186, -0.906674"
HL/PO/JO/10/1/100/22,"52.151616, -0.253202"
HL/PO/JO/10/1/100/24,"53.279395, -0.935368"
HL/PO/JO/10/1/100/28,"53.287012, -0.882647"
HL/PO/JO/10/1/100/30,"53.277835, -0.794269"
HL/PO/JO/10/1/100/32,"53.329099, -0.81769"
HL/PO/JO/10/1/100/33,"53.316869, -0.821774"
HL/PO/JO/10/1/100/36,"53.24035, -0.930087"
HL/PO/JO/10/1/100/37,"53.395447, -0.964836"
HL/PO/JO/10/1/100/38,"50.868857, -2.772076"
HL/PO/JO/10/1/100/40,"53.283896, -2.329634"
HL/PO/JO/10/1/100/42,"53.254352, -0.802622"
HL/PO/JO/10/1/100/43,"52.297027, 0.087277"
HL/PO/JO/10/1/100/45,"53.388472, -0.819607"
HL/PO/JO/10/1/100/54,"53.371558, -0.857029"
HL/PO/JO/10/1/100/55,"53.35497, -0.861458"
HL/PO/JO/10/1/100/57,"52.987559, -0.954374"
HL/PO/JO/10/1/100/58,"52.050671, -0.686823"
HL/PO/JO/10/1/100/59,"52.977032, -0.926096"
HL/PO/JO/10/1/100/62,"52.910383, -0.991496"
HL/PO/JO/10/1/100/63,"53.270748, -2.812218"
HL/PO/JO/10/1/101/49,"53.081357, -2.827525"
HL/PO/JO/10/1/101/55,"52.861982, -1.201085"
HL/PO/JO/10/1/101/58,"52.836933, -1.173796"
HL/PO/JO/10/1/101/59,"52.839405, -1.21506"
HL/PO/JO/10/1/101/63,"52.81838, -1.14193"
HL/PO/JO/10/1/101/65,"51.099465, 1.03034"
HL/PO/JO/10/1/101/71,"52.305704, -1.236965"
HL/PO/JO/10/1/101/74,"53.087958, -0.861842"
HL/PO/JO/10/1/101/75,"53.040036, -0.939347"
HL/PO/JO/10/1/101/77,"52.988418, -1.038526"
HL/PO/JO/10/1/101/81,"53.147512, -0.813158"
HL/PO/JO/10/1/101/85,"53.24156, -0.414773"
HL/PO/JO/10/1/101/49,"53.081357, -2.827525"
HL/PO/JO/10/1/101/55,"52.861982, -1.201085"
HL/PO/JO/10/1/101/58,"52.836933, -1.173796"
HL/PO/JO/10/1/101/59,"52.839405, -1.21506"
HL/PO/JO/10/1/101/63,"52.81838, -1.14193"
HL/PO/JO/10/1/101/65,"51.099465, 1.03034"
HL/PO/JO/10/1/101/71,"52.305704, -1.236965"
HL/PO/JO/10/1/101/74,"53.087958, -0.861842"
HL/PO/JO/10/1/101/75,"53.040036, -0.939347"
HL/PO/JO/10/1/101/77,"52.988418, -1.038526"
HL/PO/JO/10/1/101/81,"53.147512, -0.813158"
HL/PO/JO/10/1/101/85,"53.24156, -0.414773"
HL/PO/JO/10/1/102/22,"53.227284, -2.921547"
HL/PO/JO/10/1/102/26,"51.519048, -0.920029"
HL/PO/JO/10/1/102/28,"51.540086, -0.94829"
HL/PO/JO/10/1/102/29,"51.533599, -0.988727"
HL/PO/JO/10/1/102/39,"51.007583, -2.846584"
HL/PO/JO/10/1/102/40,"52.090843, -1.363162"
HL/PO/JO/10/1/102/41,"51.176074, -0.159808"
HL/PO/JO/10/1/102/42,"52.103502, -1.433582"
HL/PO/JO/10/1/102/43,"52.011183, -1.411867"
HL/PO/JO/10/1/102/45,"52.030865, -1.418007"
HL/PO/JO/10/1/102/46,"51.771608, -0.626697"
HL/PO/JO/10/1/102/49,"51.863727, -1.641799"
HL/PO/JO/10/1/102/52,"51.938324, -1.542274"
HL/PO/JO/10/1/102/57,"52.244082, -1.635145"
HL/PO/JO/10/1/102/59,"51.92135, -1.622151"
HL/PO/JO/10/1/102/61,"51.885451, -1.591309"
HL/PO/JO/10/1/102/63,"51.801258, -1.531781"
HL/PO/JO/10/1/102/65,"51.957702, -1.535795"
HL/PO/JO/10/1/102/66,"51.832939, -1.490374"
HL/PO/JO/10/1/102/69,"52.527256, -2.645159"
HL/PO/JO/10/1/102/75,"51.564943, -1.069274"
HL/PO/JO/10/1/102/79,"51.958652, -1.299057"
HL/PO/JO/10/1/102/22,"53.227284, -2.921547"
HL/PO/JO/10/1/102/26,"51.519048, -0.920029"
HL/PO/JO/10/1/102/28,"51.540086, -0.94829"
HL/PO/JO/10/1/102/29,"51.533599, -0.988727"
HL/PO/JO/10/1/102/39,"51.007583, -2.846584"
HL/PO/JO/10/1/102/40,"52.090843, -1.363162"
HL/PO/JO/10/1/102/41,"51.176074, -0.159808"
HL/PO/JO/10/1/102/42,"52.103502, -1.433582"
HL/PO/JO/10/1/102/43,"52.011183, -1.411867"
HL/PO/JO/10/1/102/45,"52.030865, -1.418007"
HL/PO/JO/10/1/102/46,"51.771608, -0.626697"
HL/PO/JO/10/1/102/49,"51.863727, -1.641799"
HL/PO/JO/10/1/102/52,"51.938324, -1.542274"
HL/PO/JO/10/1/102/57,"52.244082, -1.635145"
HL/PO/JO/10/1/102/59,"51.92135, -1.622151"
HL/PO/JO/10/1/102/61,"51.885451, -1.591309"
HL/PO/JO/10/1/102/63,"51.801258, -1.531781"
HL/PO/JO/10/1/102/65,"51.957702, -1.535795"
HL/PO/JO/10/1/102/66,"51.832939, -1.490374"
HL/PO/JO/10/1/102/69,"52.527256, -2.645159"
HL/PO/JO/10/1/102/75,"51.564943, -1.069274"
HL/PO/JO/10/1/102/79,"51.958652, -1.299057"
HL/PO/JO/10/1/102/143,"52.504268, -2.570396"
HL/PO/JO/10/1/102/148,"52.664639, -2.523368"
HL/PO/JO/10/1/102/149,"52.460692, -1.279256"
HL/PO/JO/10/1/103/1,"50.951494, -2.969369"
HL/PO/JO/10/1/103/4,"50.939651, -2.996917"
HL/PO/JO/10/1/103/5,"50.925633, -3.050884"
HL/PO/JO/10/1/103/10,"51.007583, -2.846584"
HL/PO/JO/10/1/103/11,"51.007418, -2.921283"
HL/PO/JO/10/1/103/14,"50.983832, -2.900793"
HL/PO/JO/10/1/103/15,"50.963754, -2.894564"
HL/PO/JO/10/1/103/16,"50.953102, -3.061193"
HL/PO/JO/10/1/103/18,"51.934742, -1.771197"
HL/PO/JO/10/1/103/19,"52.29384, -0.331515"
HL/PO/JO/10/1/103/24,"51.179855, -3.458461"
HL/PO/JO/10/1/103/27,"51.130872, -3.459228"
HL/PO/JO/10/1/103/29,"51.204933, -3.706803"
HL/PO/JO/10/1/103/30,"51.196983, -3.646795"
HL/PO/JO/10/1/103/31,"51.20963, -3.555564"
HL/PO/JO/10/1/103/34,"51.115644, -3.425163"
HL/PO/JO/10/1/103/36,"51.173698, -3.533798"
HL/PO/JO/10/1/103/38,"50.908507, -2.828716"
HL/PO/JO/10/1/103/39,"50.908124, -2.790991"
HL/PO/JO/10/1/103/40,"50.868857, -2.772076"
HL/PO/JO/10/1/103/41,"50.854485, -2.807407"
HL/PO/JO/10/1/103/42,"51.107963, -2.644097"
HL/PO/JO/10/1/103/43,"51.11848, -2.611498"
HL/PO/JO/10/1/103/46,"51.176237, -2.80312"
HL/PO/JO/10/1/103/47,"51.14466, -2.635435"
HL/PO/JO/10/1/103/49,"50.900788, -2.987475"
HL/PO/JO/10/1/103/51,"51.375411, -1.787843"
HL/PO/JO/10/1/103/52,"52.568406, -1.664919"
HL/PO/JO/10/1/103/53,"50.864004, -2.879019"
HL/PO/JO/10/1/102/143,"52.504268, -2.570396"
HL/PO/JO/10/1/102/148,"52.664639, -2.523368"
HL/PO/JO/10/1/102/149,"52.460692, -1.279256"
HL/PO/JO/10/1/103/1,"50.951494, -2.969369"
HL/PO/JO/10/1/103/4,"50.939651, -2.996917"
HL/PO/JO/10/1/103/5,"50.925633, -3.050884"
HL/PO/JO/10/1/103/10,"51.007583, -2.846584"
HL/PO/JO/10/1/103/11,"51.007418, -2.921283"
HL/PO/JO/10/1/103/14,"50.983832, -2.900793"
HL/PO/JO/10/1/103/15,"50.963754, -2.894564"
HL/PO/JO/10/1/103/16,"50.953102, -3.061193"
HL/PO/JO/10/1/103/18,"51.934742, -1.771197"
HL/PO/JO/10/1/103/19,"52.29384, -0.331515"
HL/PO/JO/10/1/103/24,"51.179855, -3.458461"
HL/PO/JO/10/1/103/27,"51.130872, -3.459228"
HL/PO/JO/10/1/103/29,"51.204933, -3.706803"
HL/PO/JO/10/1/103/30,"51.196983, -3.646795"
HL/PO/JO/10/1/103/31,"51.20963, -3.555564"
HL/PO/JO/10/1/103/34,"51.115644, -3.425163"
HL/PO/JO/10/1/103/36,"51.173698, -3.533798"
HL/PO/JO/10/1/103/38,"50.908507, -2.828716"
HL/PO/JO/10/1/103/39,"50.908124, -2.790991"
HL/PO/JO/10/1/103/40,"50.868857, -2.772076"
HL/PO/JO/10/1/103/41,"50.854485, -2.807407"
HL/PO/JO/10/1/103/42,"51.107963, -2.644097"
HL/PO/JO/10/1/103/43,"51.11848, -2.611498"
HL/PO/JO/10/1/103/46,"51.176237, -2.80312"
HL/PO/JO/10/1/103/47,"51.14466, -2.635435"
HL/PO/JO/10/1/103/49,"50.900788, -2.987475"
HL/PO/JO/10/1/103/51,"51.375411, -1.787843"
HL/PO/JO/10/1/103/52,"52.568406, -1.664919"
HL/PO/JO/10/1/103/53,"50.864004, -2.879019"
HL/PO/JO/10/1/104/38,"51.077978, -1.867106"
HL/PO/JO/10/1/104/43,"51.286485, -2.590408"
HL/PO/JO/10/1/104/44,"51.280624, -2.667243"
HL/PO/JO/10/1/104/47,"52.673382, -2.972218"
HL/PO/JO/10/1/104/51,"51.151844, -2.449943"
HL/PO/JO/10/1/104/58,"51.125247, -2.591068"
HL/PO/JO/10/1/104/61,"53.014001, -1.852173"
HL/PO/JO/10/1/104/64,"51.143451, -3.26333"
HL/PO/JO/10/1/104/65,"51.081439, -3.314791"
HL/PO/JO/10/1/104/66,"51.069036, -3.493252"
HL/PO/JO/10/1/104/69,"51.081522, -3.35311"
HL/PO/JO/10/1/104/71,"51.517782, -2.387721"
HL/PO/JO/10/1/104/73,"51.099869, -3.328669"
HL/PO/JO/10/1/104/74,"51.102354, -3.524129"
HL/PO/JO/10/1/104/75,"51.049953, -3.230393"
HL/PO/JO/10/1/104/77,"51.070231, -3.398505"
HL/PO/JO/10/1/104/79,"51.176377, -3.207399"
HL/PO/JO/10/1/104/81,"51.129028, -3.332747"
HL/PO/JO/10/1/104/82,"51.12546, -3.364705"
HL/PO/JO/10/1/104/84,"51.168151, -3.243852"
HL/PO/JO/10/1/104/85,"51.168324, -3.270101"
HL/PO/JO/10/1/104/87,"51.150754, -3.306308"
HL/PO/JO/10/1/104/90,"51.153341, -3.148978"
HL/PO/JO/10/1/104/91,"51.130935, -3.182352"
HL/PO/JO/10/1/104/92,"51.057752, -3.434951"
HL/PO/JO/10/1/104/94,"51.103993, -3.589948"
HL/PO/JO/10/1/104/38,"51.077978, -1.867106"
HL/PO/JO/10/1/104/43,"51.286485, -2.590408"
HL/PO/JO/10/1/104/44,"51.280624, -2.667243"
HL/PO/JO/10/1/104/47,"52.673382, -2.972218"
HL/PO/JO/10/1/104/51,"51.151844, -2.449943"
HL/PO/JO/10/1/104/58,"51.125247, -2.591068"
HL/PO/JO/10/1/104/61,"53.014001, -1.852173"
HL/PO/JO/10/1/104/64,"51.143451, -3.26333"
HL/PO/JO/10/1/104/65,"51.081439, -3.314791"
HL/PO/JO/10/1/104/66,"51.069036, -3.493252"
HL/PO/JO/10/1/104/69,"51.081522, -3.35311"
HL/PO/JO/10/1/104/71,"51.517782, -2.387721"
HL/PO/JO/10/1/104/73,"51.099869, -3.328669"
HL/PO/JO/10/1/104/74,"51.102354, -3.524129"
HL/PO/JO/10/1/104/75,"51.049953, -3.230393"
HL/PO/JO/10/1/104/77,"51.070231, -3.398505"
HL/PO/JO/10/1/104/79,"51.176377, -3.207399"
HL/PO/JO/10/1/104/81,"51.129028, -3.332747"
HL/PO/JO/10/1/104/82,"51.12546, -3.364705"
HL/PO/JO/10/1/104/84,"51.168151, -3.243852"
HL/PO/JO/10/1/104/85,"51.168324, -3.270101"
HL/PO/JO/10/1/104/87,"51.150754, -3.306308"
HL/PO/JO/10/1/104/90,"51.153341, -3.148978"
HL/PO/JO/10/1/104/91,"51.130935, -3.182352"
HL/PO/JO/10/1/104/92,"51.057752, -3.434951"
HL/PO/JO/10/1/104/94,"51.103993, -3.589948"
HL/PO/JO/10/1/105/60,"51.173194, -0.021041"
HL/PO/JO/10/1/105/61,"51.251039, -0.009587"
HL/PO/JO/10/1/105/67,"53.004937, -1.892028"
HL/PO/JO/10/1/105/69,"51.280967, 0.020325"
HL/PO/JO/10/1/106/3,"52.372034, 0.729385"
HL/PO/JO/10/1/106/9,"50.883288, -0.60417"
HL/PO/JO/10/1/106/10,"52.57415, -1.736616"
HL/PO/JO/10/1/106/11,"50.8732, -0.55024"
HL/PO/JO/10/1/106/19,"50.971767, -0.560373"
HL/PO/JO/10/1/106/22,"51.065858, -0.50501"
HL/PO/JO/10/1/106/30,"50.836908, -0.513821"
HL/PO/JO/10/1/106/31,"50.809804, -0.482143"
HL/PO/JO/10/1/106/33,"51.419912, -2.424795"
HL/PO/JO/10/1/106/35,"50.94229, -0.615192"
HL/PO/JO/10/1/106/38,"51.024808, -0.547497"
HL/PO/JO/10/1/105/60,"51.173194, -0.021041"
HL/PO/JO/10/1/105/61,"51.251039, -0.009587"
HL/PO/JO/10/1/105/67,"53.004937, -1.892028"
HL/PO/JO/10/1/105/69,"51.280967, 0.020325"
HL/PO/JO/10/1/106/3,"52.372034, 0.729385"
HL/PO/JO/10/1/106/9,"50.883288, -0.60417"
HL/PO/JO/10/1/106/10,"52.57415, -1.736616"
HL/PO/JO/10/1/106/11,"50.8732, -0.55024"
HL/PO/JO/10/1/106/19,"50.971767, -0.560373"
HL/PO/JO/10/1/106/22,"51.065858, -0.50501"
HL/PO/JO/10/1/106/30,"50.836908, -0.513821"
HL/PO/JO/10/1/106/31,"50.809804, -0.482143"
HL/PO/JO/10/1/106/33,"51.419912, -2.424795"
HL/PO/JO/10/1/106/35,"50.94229, -0.615192"
HL/PO/JO/10/1/106/38,"51.024808, -0.547497"
HL/PO/JO/10/1/107/17,"53.309837, -2.184115"
HL/PO/JO/10/1/107/19,"52.92947, -3.015632"
HL/PO/JO/10/1/107/27,"52.269554, 0.897702"
HL/PO/JO/10/1/107/30,"51.894601, -0.852144"
HL/PO/JO/10/1/107/41,"50.955054, -0.757188"
HL/PO/JO/10/1/107/44,"50.957536, -0.688663"
HL/PO/JO/10/1/107/47,"51.065435, -0.746706"
HL/PO/JO/10/1/107/48,"51.001173, -0.679991"
HL/PO/JO/10/1/107/68,"50.914146, -0.744513"
HL/PO/JO/10/1/107/19,"52.92947, -3.015632"
HL/PO/JO/10/1/107/27,"52.269554, 0.897702"
HL/PO/JO/10/1/107/30,"51.894601, -0.852144"
HL/PO/JO/10/1/107/41,"50.955054, -0.757188"
HL/PO/JO/10/1/107/44,"50.957536, -0.688663"
HL/PO/JO/10/1/107/47,"51.065435, -0.746706"
HL/PO/JO/10/1/107/48,"51.001173, -0.679991"
HL/PO/JO/10/1/107/68,"50.914146, -0.744513"
HL/PO/JO/10/1/108/42,"51.096706, -1.662178"
HL/PO/JO/10/1/108/43,"50.745755, -2.76678"
HL/PO/JO/10/1/108/47,"51.195249, -1.734531"
HL/PO/JO/10/1/108/54,"51.217891, -1.721064"
HL/PO/JO/10/1/108/63,"51.158579, -1.892734"
HL/PO/JO/10/1/108/69,"51.141484, -1.949871"
HL/PO/JO/10/1/108/73,"51.136949, -2.070322"
HL/PO/JO/10/1/108/75,"51.203415, -1.875695"
HL/PO/JO/10/1/108/76,"51.142671, -1.88881"
HL/PO/JO/10/1/108/77,"50.65793, -4.234197"
HL/PO/JO/10/1/108/80,"51.077978, -1.867106"
HL/PO/JO/10/1/108/81,"51.179895, -1.873609"
HL/PO/JO/10/1/108/84,"51.091105, -1.931104"
HL/PO/JO/10/1/108/93,"51.063164, -1.839118"
HL/PO/JO/10/1/108/42,"51.096706, -1.662178"
HL/PO/JO/10/1/108/43,"50.745755, -2.76678"
HL/PO/JO/10/1/108/47,"51.195249, -1.734531"
HL/PO/JO/10/1/108/54,"51.217891, -1.721064"
HL/PO/JO/10/1/108/63,"51.158579, -1.892734"
HL/PO/JO/10/1/108/69,"51.141484, -1.949871"
HL/PO/JO/10/1/108/73,"51.136949, -2.070322"
HL/PO/JO/10/1/108/75,"51.203415, -1.875695"
HL/PO/JO/10/1/108/76,"51.142671, -1.88881"
HL/PO/JO/10/1/108/77,"50.65793, -4.234197"
HL/PO/JO/10/1/108/80,"51.077978, -1.867106"
HL/PO/JO/10/1/108/81,"51.179895, -1.873609"
HL/PO/JO/10/1/108/84,"51.091105, -1.931104"
HL/PO/JO/10/1/108/93,"51.063164, -1.839118"
08/158,"53.656484, -1.292828"
HL/PO/JO/10/1/109/10,"53.622258, -1.572734"
HL/PO/JO/10/1/109/15,"53.657399, -1.432569"
HL/PO/JO/10/1/109/24,"52.336808, 0.914919"
HL/PO/JO/10/1/109/25,"54.206582, -2.717018"
HL/PO/JO/10/1/109/39,"52.57415, -1.736616"
HL/PO/JO/10/1/109/40,"53.673911, -1.689349"
HL/PO/JO/10/1/109/43,"52.489912, 1.700136"
HL/PO/JO/10/1/109/48,"52.007853, 0.939307"
HL/PO/JO/10/1/109/10,"53.622258, -1.572734"
HL/PO/JO/10/1/109/15,"53.657399, -1.432569"
HL/PO/JO/10/1/109/24,"52.336808, 0.914919"
HL/PO/JO/10/1/109/25,"54.206582, -2.717018"
HL/PO/JO/10/1/109/39,"52.57415, -1.736616"
HL/PO/JO/10/1/109/40,"53.673911, -1.689349"
HL/PO/JO/10/1/109/43,"52.489912, 1.700136"
HL/PO/JO/10/1/109/48,"52.007853, 0.939307"
HL/PO/JO/10/1/109/114,"52.144072, 0.603704"
HL/PO/JO/10/1/109/117,"53.784337, -2.020328"
HL/PO/JO/10/1/109/114,"52.144072, 0.603704"
HL/PO/JO/10/1/109/117,"53.784337, -2.020328"
